Club,Position(s),Base Salary,Guaranteed Compensation,Name
Colorado Rapids,M,"$212,000.00","$293,360.00",
San Jose Earthquakes,M,"$420,000.00","$425,000.00",
San Jose Earthquakes,D,"$550,000.00","$608,000.00",
FC Dallas,D,"$600,000.00","$668,750.00",
Toronto FC,D,"$400,000.00","$428,750.00",
Houston Dynamo,D,"$218,182.00","$259,015.00",
New York Red Bulls,F,"$1,050,000.00","$1,173,125.00",
San Jose Earthquakes,D,"$65,500.00","$65,500.00",Oskar Ågren
Real Salt Lake,F,"$600,000.00","$696,000.00",Sergio Ćordova
Philadelphia Union,M,"$107,500.00","$111,500.00",Paxten Aaronson
Colorado Rapids,D,"$235,000.00","$272,125.00",Lalas Abubakar
New York City FC,D-M,"$200,000.00","$244,800.00",Nicolas Acevedo
Toronto FC,M,"$84,000.00","$84,000.00",Ifunanyachi Achara
FC Cincinnati,M,"$1,943,500.00","$2,222,854.00",Luciano Acosta
Inter Miami,M,"$65,500.00","$65,500.00",George Acosta
Colorado Rapids,M,"$650,000.00","$706,667.00",Bryan Acosta
LAFC,M,"$1,100,000.00","$1,215,000.00",Kellyn Acosta
Seattle Sounders FC,F,"$65,500.00","$65,500.00",Samuel Adeniran
Charlotte FC,D,"$300,000.00","$332,500.00",Harrison Afful
Sporting Kansas City,F,"$200,000.00","$246,875.00",William Agada
LA Galaxy,M-F,"$66,724.00","$66,724.00",Daniel Aguirre
San Jose Earthquakes,D,"$500,000.00","$545,111.00",Carlos Akapo
Orlando City SC,F,"$325,000.00","$340,000.00",Tesho Akindele
DC United,D,"$65,500.00","$75,000.00",Matai Akinmboni
Toronto FC,F,"$600,000.00","$671,875.00",Ayo Akinola
Charlotte FC,M,"$235,000.00","$325,600.00",Jordy Alcivar
DC United,D,"$89,513.00","$89,513.00",Antonio Alfaro
Inter Miami,D,"$65,500.00","$67,167.00",Noah Allen
Atlanta United,M-F,"$1,650,000.00","$2,332,000.00",Thiago Almada
Atlanta United,M,"$84,000.00","$84,000.00",Osvaldo Alonso
New England Revolution,F,"$3,706,139.00","$4,264,963.00",Jozy Altidore
Orlando City SC,F,"$300,000.00","$318,240.00",Alexander Alvarado
LA Galaxy,M,"$600,000.00","$706,250.00",Efrain Alvarez
Minnesota United,F,"$650,000.00","$785,000.00",Luis Amarilla
New York Red Bulls,M,"$325,000.00","$381,406.00",Frankie Amaya
Atlanta United,D,"$85,444.00","$85,444.00",Mikey Ambrose
New York City FC,D,"$270,000.00","$308,700.00",Malte Amundsen
Colorado Rapids,D,"$105,000.00","$106,667.00",Sebastian Anderson
Orlando City SC,F,"$348,000.00","$380,660.00",Iván Angulo
Columbus Crew,D,"$150,000.00","$150,000.00",Jalil Anibaba
Toronto FC,M,"$65,500.00","$65,500.00",Themi Antonoglou
Nashville SC,M,"$156,000.00","$176,000.00",Tah Brian Anunga
Orlando City SC,M,"$180,000.00","$261,000.00",César Araújo
LAFC,M-F,"$624,000.00","$683,000.00",Cristian Arango
Atlanta United,F-M,"$3,600,000.00","$4,480,333.00",Luiz Araujo
LA Galaxy,D,"$575,000.00","$678,750.00",Julian Araujo
New York City FC,F,"$825,000.00","$914,000.00",Heber Araujo dos Santos
Philadelphia Union,D,"$65,500.00","$76,500.00",Abasa Aremeyaw
Charlotte FC,D,"$65,500.00","$65,500.00",Adam Armour
Seattle Sounders FC,D,"$700,000.00","$700,000.00",Xavier Arreaga
Minnesota United,M,"$84,000.00","$103,667.00",Kervin Arriaga
FC Dallas,M,"$1,100,000.00","$1,130,000.00",Paul Arriola
Austin FC,D,"$65,500.00","$65,500.00",Carlos Asensio
San Jose Earthquakes,M,"$66,724.00","$66,724.00",George Asomani
Portland Timbers,M-F,"$350,000.00","$352,500.00",Dairon Asprilla
CF Montreal,M,"$66,724.00","$74,104.00",Jean-Aniel Assi
Charlotte FC,F,"$2,200,000.00","$2,258,000.00",Karol Świderski
FC Cincinnati,F,"$350,000.00","$364,000.00",Isaac Atanga
Seattle Sounders FC,M,"$84,000.00","$88,557.00",Joshua Atencio
Houston Dynamo,F-M,"$65,500.00","$65,500.00",Beto Avila
Portland Timbers,M,"$275,000.00","$395,000.00",David Ayala
Inter Miami,M,"$65,500.00","$65,500.00",Edison Azcona Velez
St. Louis SC,GK,"$1,500,000.00","$1,632,469.00",Roman Bürki
FC Cincinnati,F,"$500,000.00","$555,000.00",Dominique Badji
FC Cincinnati,D,"$84,000.00","$84,000.00",Zico Bailey
Houston Dynamo,F,"$440,000.00","$471,031.00",Corey Baird
Houston Dynamo,F,"$286,000.00","$346,069.00",Mateo Bajamich
New England Revolution,M,"$65,500.00","$71,559.00",Esmir Bajraktarevic
Seattle Sounders FC,M,"$65,500.00","$85,500.00",Reed Baker-Whiting
Vancouver Whitecaps,M,"$107,415.00","$109,292.00",Michael Baldisimo
LAFC,M-F,"$1,600,000.00","$2,386,667.00",Gareth Bale
Major League Soccer,F,"$84,000.00","$87,750.00",Grayson Barber
Atlanta United,M,"$2,200,000.00","$2,200,000.00",Ezequiel Barco
New York Red Bulls,F,"$175,000.00","$188,151.00",Tom Barlow
New York City FC,GK,"$125,000.00","$132,688.00",Luis Barraza
FC Cincinnati,F,"$350,000.00","$350,000.00",Alvaro Barreal
Colorado Rapids,M,"$650,000.00","$680,000.00",Michael Barrios
FC Dallas,D,"$84,000.00","$84,000.00",Lucas Bartlett
Houston Dynamo,D,"$84,000.00","$91,500.00",Ethan Bartlow
Colorado Rapids,M,"$450,000.00","$450,000.00",Cole Bassett
CF Montreal,D,"$125,000.00","$137,500.00",Zorhan Bassong
Nashville SC,D,"$66,724.00","$66,724.00",Josh Bauer
San Jose Earthquakes,D,"$200,000.00","$200,000.00",Tanner Beason
Real Salt Lake,GK,"$65,500.00","$71,083.00",Gavin Beavers
Philadelphia Union,M,"$900,000.00","$1,110,000.00",Alejandro Bedoya
Colorado Rapids,D,"$150,000.00","$172,500.00",Steven Beitashour
New England Revolution,D,"$84,000.00","$84,000.00",Jon Bell
New York City FC,D,"$65,500.00","$65,500.00",Nico Benalcázar
Charlotte FC,M,"$65,500.00","$83,000.00",Benjamin Bender
Philadelphia Union,GK,"$250,000.00","$250,000.00",Joe Bendik
Real Salt Lake,M,"$65,500.00","$75,125.00",Julio Benitez
Minnesota United,D,"$380,000.00","$437,250.00",Alan Benitez
DC United,F,"$4,000,000.00","$4,182,778.00",Christian Benteke
Vancouver Whitecaps,M,"$100,000.00","$137,250.00",Sebastian Berhalter
Toronto FC,F,"$3,125,000.00","$6,256,322.00",Federico Bernardeschi
DC United,F,"$120,000.00","$120,000.00",Miguel Berry
San Jose Earthquakes,GK,"$106,375.00","$106,375.00",Matt Bersano
Real Salt Lake,M,"$210,000.00","$210,000.00",Nick Besler
Chicago Fire,F,"$84,000.00","$96,461.00",Victor Bezerra
Vancouver Whitecaps,M,"$400,000.00","$438,750.00",Janio Bikel
Portland Timbers,GK,"$84,000.00","$84,000.00",David Bingham
DC United,D,"$750,000.00","$762,500.00",Steven Birnbaum
FC Cincinnati,D,"$840,000.00","$840,000.00",Tyler Blackett
Vancouver Whitecaps,D,"$350,000.00","$401,208.00",Tristan Blackmon
Philadelphia Union,GK,"$750,000.00","$869,375.00",Andre Blake
Portland Timbers,M-F,"$1,340,000.00","$1,708,000.00",Sebastián Blanco
LAFC,M,"$400,000.00","$416,667.00",Latif Blessing
New England Revolution,M,"$225,000.00","$225,000.00",Emmanuel Boateng
Portland Timbers,M,"$84,000.00","$84,000.00",Blake Bodily
Vancouver Whitecaps,GK,"$65,500.00","$65,500.00",Isaac Boehmer
LA Galaxy,GK,"$475,000.00","$526,875.00",Jonathan Bond
Portland Timbers,D,"$132,000.00","$144,667.00",Pablo Bonilla
Toronto FC,GK,"$525,000.00","$557,000.00",Alex Bono
Chicago Fire,D,"$300,000.00","$330,000.00",Jonathan Bornstein
New England Revolution,F,"$550,000.00","$613,962.00",Dylan Borrero
New England Revolution,M-F,"$2,500,000.00","$2,675,000.00",Gustavo Bou
LAFC,F,"$2,083,333.00","$2,083,333.00",Denis Bouanga
San Jose Earthquakes,F,"$84,000.00","$96,500.00",Ousseni Bouda
Minnesota United,D,"$602,210.00","$655,307.00",Michael Boxall
Toronto FC,M,"$1,500,000.00","$1,500,000.00",Michael Bradley
Chicago Fire,GK,"$159,996.00","$183,246.00",Chris Brady
CF Montreal,D,"$275,000.00","$319,375.00",Zachary Brault-Guillard
Portland Timbers,D,"$300,000.00","$323,310.00",Claudio Bravo
CF Montreal,GK,"$84,000.00","$84,000.00",Sebastian Breza
Real Salt Lake,M,"$190,000.00","$215,678.00",Andrew Brody
Charlotte FC,M,"$125,000.00","$134,330.00",Brandt Bronico
Vancouver Whitecaps,D,"$84,000.00","$97,481.00",Javain Brown
LA Galaxy,M,"$1,200,000.00","$1,409,000.00",Gastón Brugman
Seattle Sounders FC,F,"$260,000.00","$260,000.00",Will Bruin
New England Revolution,M,"$65,500.00","$65,500.00",Noel Buck
Philadelphia Union,M,"$140,000.00","$155,378.00",Jesus Bueno
Nashville SC,M-F,"$400,000.00","$444,167.00",Teal Bunbury
Philadelphia Union,F,"$400,000.00","$450,770.00",Cory Burke
Chicago Fire,D,"$84,000.00","$84,000.00",Kendall Burks
Columbus Crew,GK,"$84,000.00","$84,000.00",Evan Bush
Nashville SC,F-M,"$140,000.00","$140,000.00",Handwalla Bwana
New England Revolution,D,"$325,000.00","$343,813.00",Brandon Bye
Charlotte FC,F,"$560,000.00","$607,833.00",Nathan Byrne
LA Galaxy,F,"$1,650,000.00","$1,650,000.00",Kevin Cabral
LA Galaxy,D,"$240,000.00","$294,400.00",Martin Caceres
Vancouver Whitecaps,M-F,"$300,000.00","$331,125.00",Deiber Caicedo
Real Salt Lake,M,"$200,000.00","$205,000.00",Scott Caldwell
Inter Miami,GK,"$130,000.00","$130,000.00",Drake Callender
New York City FC,D,"$750,000.00","$814,000.00",Alexander Callens
CF Montreal,D,"$500,000.00","$554,000.00",Rudy Camacho
FC Cincinnati,D,"$387,000.00","$469,000.00",Geoff Cameron
Vancouver Whitecaps,D-M,"$65,500.00","$74,512.00",Matteo Campagna
Inter Miami,F,"$84,000.00","$135,680.00",Leonardo Campana
Atlanta United,D,"$98,000.00","$98,000.00",George Campbell
DC United,M,"$515,000.00","$515,000.00",Russell Canouse
New York Red Bulls,M,"$66,724.00","$69,474.00",Wikelman Carmona
Philadelphia Union,F,"$900,000.00","$900,000.00",Julian Carranza
Houston Dynamo,M,"$418,908.00","$469,132.00",Adalberto Carrasquilla
FC Dallas,GK,"$65,500.00","$85,019.00",Antonio Carrera
New York City FC,M,"$65,500.00","$84,357.00",Maximo Carrizo
Orlando City SC,M,"$240,000.00","$280,250.00",Wilder Cartagena
Chicago Fire,M,"$84,000.00","$85,900.00",Javier Casas
Austin FC,D,"$310,000.00","$337,500.00",Julio Cascante
New York Red Bulls,M,"$230,000.00","$274,000.00",Cristian Casseres
Atlanta United,GK,"$85,444.00","$85,444.00",Dylan Castanheira
New York Red Bulls,M,"$65,500.00","$70,868.00",Jesus Castellano
Nashville SC,D,"$84,000.00","$84,000.00",Robert Castellanos
New York City FC,M,"$900,000.00","$1,076,000.00",Valentin Castellanos
Houston Dynamo,M,"$65,500.00","$70,022.00",Juan Castilla
Vancouver Whitecaps,F,"$1,200,000.00","$1,462,500.00",Lucas Cavallini
FC Cincinnati,GK,"$84,000.00","$99,000.00",Roman Celentano
Atlanta United,D,"$65,500.00","$75,276.00",Erik Centeno
Houston Dynamo,M,"$190,000.00","$240,000.00",Darwin Ceren
FC Dallas,M,"$130,000.00","$145,000.00",Edwin Cerrillo
Real Salt Lake,M,"$98,261.00","$98,261.00",Maikel Chang
New York City FC,D,"$700,000.00","$700,000.00",Maxime Chanot
Portland Timbers,M,"$675,000.00","$683,333.00",Diego Chara
Portland Timbers,M,"$1,500,000.00","$1,803,000.00",Yimmi Chara
FC Dallas,D,"$100,000.00","$109,209.00",Justin Che
LAFC,D,"$1,000,000.00","$1,075,000.00",Giorgio Chiellini
CF Montreal,M,"$125,000.00","$134,238.00",Mathieu Choiniere
Atlanta United,M,"$65,500.00","$65,500.00",Machop Chol
Seattle Sounders FC,M-F,"$550,000.00","$550,000.00",Leonardo Chu
Toronto FC,D,"$65,500.00","$70,631.00",Kadin Chung
LAFC,M,"$367,875.00","$411,750.00",Jose Cifuentes
Atlanta United,F,"$244,000.00","$244,000.00",Ronaldo Cisneros
Sporting Kansas City,F,"$65,500.00","$68,500.00",Osvaldo Cisneros
Seattle Sounders FC,D,"$66,724.00","$66,724.00",Abdoulaye Cissoko
Houston Dynamo,GK,"$560,000.00","$620,031.00",Steve Clark
New York Red Bulls,M,"$148,800.00","$331,850.00",Caden Clark
Seattle Sounders FC,GK,"$150,000.00","$167,500.00",Stefan Cleveland
Atlanta United,F,"$84,000.00","$84,000.00",Jackson Conway
CF Montreal,D,"$120,192.00","$120,192.00",Gabriele Corbo
Vancouver Whitecaps,D,"$127,050.00","$127,050.00",Derek Cornelius
Major League Soccer,M,"$300,000.00","$315,000.00",Joe Corona
New York Red Bulls,GK,"$480,000.00","$529,660.00",Carlos Miguel Coronel
Austin FC,F,"$300,000.00","$327,500.00",Washington Corozo
Charlotte FC,D,"$600,000.00","$633,500.00",Guzman Corujo
LA Galaxy,F,"$3,000,000.00","$4,508,333.00",Douglas Costa
LA Galaxy,D,"$420,000.00","$457,000.00",Sega Coulibaly
San Jose Earthquakes,F,"$545,455.00","$635,364.00",Cade Cowell
Philadelphia Union,M,"$85,000.00","$97,825.00",Brandan Craig
LAFC,GK,"$275,000.00","$302,500.00",Maxime Crepeau
Toronto FC,D,"$1,200,000.00","$1,510,000.00",Domenico Criscito
Vancouver Whitecaps,GK,"$84,000.00","$84,000.00",Cody Cropper
FC Cincinnati,M,"$1,140,000.00","$1,254,000.00",Allan Cruz
Vancouver Whitecaps,M,"$900,000.00","$900,000.00",Andres Cubas
Orlando City SC,D,"$900,000.00","$925,000.00",Antonio Carlos Cunha Capocasali Junior
Chicago Fire,D,"$1,300,000.00","$1,336,667.00",Rafael Czichos
Vancouver Whitecaps,F,"$750,000.00","$815,625.00",Cristian Dajome
Minnesota United,F,"$135,000.00","$142,125.00",Abu Danladi
Nashville SC,M,"$637,500.00","$637,500.00",Sean Davis
Sporting Kansas City,M,"$65,500.00","$65,500.00",Jacob Davis
Orlando City SC,M,"$750,000.00","$780,000.00",Ocimar De Almeida Junior
New York City FC,F,"$180,000.00","$199,600.00",Thiago De Andrade
Atlanta United,D,"$85,444.00","$85,444.00",Alex De John
Inter Miami,M,"$700,000.00","$801,000.00",Gregore De Magalhaes Silva
Columbus Crew,D,"$715,000.00","$812,000.00",Miloš Degenek
New England Revolution,D-M,"$250,000.00","$250,000.00",AJ DeLaGarza
LA Galaxy,M,"$650,000.00","$726,250.00",Marco Delgado
LA Galaxy,D,"$231,000.00","$231,000.00",Nick DePuy
Real Salt Lake,GK,"$84,000.00","$93,825.00",Jeffrey Dewsnup
Orlando City SC,M,"$89,716.00","$89,716.00",Joseph Dezart
Columbus Crew,M,"$375,000.00","$408,900.00",Luis Diaz
Minnesota United,D,"$650,000.00","$743,125.00",Bakaye Dibassy
Minnesota United,GK,"$84,000.00","$84,000.00",Eric Dick
New England Revolution,GK,"$125,000.00","$136,250.00",Clement Diop
DC United,M,"$65,500.00","$65,500.00",Sofiane Djeffal
Austin FC,F,"$550,000.00","$550,000.00",Moussa Djitte
Seattle Sounders FC,M,"$89,716.00","$103,716.00",Ethan Dobbelaere
Nashville SC,M-D,"$66,724.00","$66,724.00",Irakoze Donasiyano
Philadelphia Union,F,"$65,500.00","$65,500.00",Christopher Donovan
Houston Dynamo,D,"$125,000.00","$144,000.00",Griffin Dorsey
Inter Miami,GK,"$65,500.00","$70,800.00",CJ Dos Santos
Minnesota United,M-D,"$400,000.00","$457,500.00",Hassani Dotson
Austin FC,F,"$2,200,000.00","$2,317,000.00",Sebastian Driussi
LAFC,D,"$100,000.00","$102,000.00",Erik Duenas
Sporting Kansas City,M,"$90,000.00","$93,000.00",Cameron Duke
Inter Miami,M,"$122,000.00","$122,000.00",Bryce Duke
LA Galaxy,F,"$120,000.00","$136,750.00",Cameron Dunbar
New York Red Bulls,D,"$268,212.00","$293,610.00",Kyle Duncan
Chicago Fire,F,"$120,000.00","$167,000.00",Jhon Jader Duran
DC United,M,"$400,000.00","$445,000.00",Chris Durkin
Atlanta United,F,"$84,000.00","$84,000.00",Dom Dwyer
San Jose Earthquakes,F,"$620,734.00","$766,617.00",Jeremy Ebobisse
New York Red Bulls,M,"$84,000.00","$91,582.00",Daniel Edelman
New England Revolution,GK,"$84,000.00","$84,000.00",Earl Edwards
LA Galaxy,D-M,"$275,000.00","$307,500.00",Raheem Edwards
Colorado Rapids,D,"$84,000.00","$84,000.00",Michael Edwards
Vancouver Whitecaps,F,"$66,724.00","$66,724.00",David Egbo
Philadelphia Union,D,"$700,000.00","$793,750.00",Jack Elliott
FC Dallas,F,"$66,724.00","$66,724.00",Kalil Elmedkhar
Minnesota United,GK,"$84,000.00","$90,000.00",Fred Emmings
LAFC,D,"$550,008.00","$550,008.00",Franco Escobar
LA Galaxy,M,"$89,513.00","$89,513.00",Adam Esparza-Saldana
San Jose Earthquakes,F,"$1,150,000.00","$1,265,000.00",Cristian Espinoza
Sporting Kansas City,M,"$300,000.00","$300,000.00",Roger Espinoza
Chicago Fire,D,"$216,000.00","$242,500.00",Jhon Espinoza
Colorado Rapids,D,"$373,032.00","$426,092.00",Lucas Esteves
New York Red Bulls,M,"$66,724.00","$90,724.00",Bento Estrela
Columbus Crew,M,"$175,000.00","$175,000.00",Derrick Etienne
Austin FC,M,"$450,000.00","$450,000.00",Diego Fagundez
LAFC,D-M,"$106,000.00","$118,750.00",Mamadou Fall
FC Dallas,D,"$225,000.00","$225,000.00",Marco Farfan
Real Salt Lake,D,"$84,000.00","$98,750.00",Zackery Farnsworth
New England Revolution,D,"$425,000.00","$443,750.00",Andrew Farrell
Columbus Crew,D,"$65,500.00","$75,333.00",Mohamed Farsi
CF Montreal,D,"$89,716.00","$99,936.00",Keesean Ferdinand
LA Galaxy,D,"$100,000.00","$113,625.00",Marcus Ferkranus
Houston Dynamo,F,"$310,344.00","$370,344.00",Thiago Fernandes
New York Red Bulls,M,"$140,000.00","$155,000.00",Omir Fernandez
FC Dallas,F,"$1,300,000.00","$1,499,000.00",Jesus Ferreira
Houston Dynamo,F,"$1,600,000.00","$1,970,200.00",Sebastián Ferreira
Austin FC,M,"$350,000.00","$350,000.00",Ethan Finlay
Minnesota United,D,"$120,000.00","$133,000.00",Oniel Fisher
Philadelphia Union,M,"$250,000.00","$263,750.00",Leon Flach
DC United,F,"$84,000.00","$105,189.00",Kristian Fletcher
Portland Timbers,M,"$84,000.00","$84,000.00",George Fochive
Portland Timbers,F,"$65,500.00","$65,500.00",Nathan Fogaca
Sporting Kansas City,D,"$1,125,000.00","$1,125,000.00",Andreu Fontas
Sporting Kansas City,D,"$150,000.00","$151,667.00",Kortne Ford
DC United,F,"$1,600,000.00","$1,641,000.00",Taxiarchis Fountas
Minnesota United,M-F,"$249,996.00","$257,496.00",Franco Fragapane
Atlanta United,D,"$540,000.00","$667,500.00",Alan Franco
Charlotte FC,M,"$480,000.00","$538,300.00",Alan Steven Franco
Inter Miami,D,"$84,000.00","$84,000.00",Ian Fray
DC United,F,"$110,000.00","$112,500.00",Tyler Freeman
Orlando City SC,D,"$65,500.00","$69,500.00",Alex Freeman
Philadelphia Union,GK,"$118,250.00","$137,000.00",Matt Freese
Seattle Sounders FC,GK,"$500,000.00","$500,000.00",Stefan Frei
Charlotte FC,D,"$375,000.00","$375,000.00",Christian Fuchs
San Jose Earthquakes,M,"$190,000.00","$208,750.00",Gilbert Fuentes
Austin FC,D,"$950,000.00","$950,000.00",Ruben Gabrielsen
FC Cincinnati,D,"$230,000.00","$230,000.00",Ray Gaddis
LAFC,F,"$85,444.00","$87,444.00",Julian Gaines
Charlotte FC,F,"$84,000.00","$86,750.00",McKinze Gaines
Austin FC,D,"$155,000.00","$155,000.00",Jon Gallagher
Orlando City SC,GK,"$515,000.00","$515,000.00",Pedro Gallese
Colorado Rapids,F,"$318,000.00","$414,322.00",Braian Galvan
DC United,M,"$65,500.00","$69,550.00",Jeremy Garay
Atlanta United,GK,"$65,500.00","$65,500.00",Justin Garces
Real Salt Lake,F,"$90,000.00","$94,300.00",Chris Garcia
Minnesota United,F,"$300,000.00","$322,313.00",Ménder Garcia
LA Galaxy,D,"$375,000.00","$400,000.00",Chase Gasper
Vancouver Whitecaps,M,"$2,160,000.00","$2,265,000.00",Ryan Gauld
Philadelphia Union,M-F,"$550,000.00","$586,250.00",Daniel Gazdag
Inter Miami,D,"$370,000.00","$378,167.00",Kieran Gibbs
New England Revolution,M,"$3,250,000.00","$3,545,833.00",Carles Gil
New England Revolution,M,"$100,000.00","$100,000.00",Nacho Gil
Chicago Fire,M,"$2,060,000.00","$2,360,667.00",Gaston Gimenez
LAFC,M,"$450,000.00","$572,250.00",Francisco Ginella
Orlando City SC,F,"$350,004.00","$369,287.00",Nicholas Gioacchini
CF Montreal,M,"$110,000.00","$121,000.00",Tomas Giraldo
Real Salt Lake,D,"$675,000.00","$735,031.00",Justen Glad
Philadelphia Union,D,"$675,000.00","$739,063.00",Jakob Glesnes
New York City FC,D,"$228,000.00","$238,000.00",Christopher Gloster
Vancouver Whitecaps,D,"$85,444.00","$88,444.00",Marcus Godinho
Nashville SC,M,"$800,000.00","$871,250.00",Anibal Godoy
Vancouver Whitecaps,D,"$550,000.00","$550,000.00",Erik Godoy
Real Salt Lake,GK,"$84,000.00","$84,000.00",Tomas Gomez
Seattle Sounders FC,D,"$650,004.00","$719,092.00",Yeimar Gomez Andrade
Minnesota United,M,"$240,000.00","$245,000.00",Jonathan Gonzalez
New England Revolution,D,"$425,000.00","$450,000.00",Omar Gonzalez
Orlando City SC,M,"$330,000.00","$332,000.00",Gaston Gonzalez
Inter Miami,D,"$892,500.00","$1,052,750.00",Leandro Gonzalez Pirez
LA Galaxy,F-M,"$900,000.00","$988,427.00",Samuel Grandsir
New York City FC,D,"$125,000.00","$144,788.00",Tayvon Gray
DC United,D-M,"$85,444.00","$88,444.00",Jacob Greene
San Jose Earthquakes,M,"$600,000.00","$655,000.00",Jan Gregus
Vancouver Whitecaps,M,"$914,000.00","$969,781.00",Julian Gressel
Orlando City SC,GK,"$85,444.00","$85,444.00",Adam Grinwis
Atlanta United,GK,"$200,000.00","$247,333.00",Raúl Gudiño
DC United,D,"$84,000.00","$84,000.00",Sami Guediri
Colorado Rapids,M,"$552,000.00","$569,250.00",Felipe Gutierrez
Vancouver Whitecaps,D,"$250,000.00","$267,500.00",Cristian Gutierrez
Chicago Fire,M,"$104,000.00","$105,900.00",Brian Gutierrez
Portland Timbers,F,"$65,500.00","$65,500.00",Diego Gutierrez
Atlanta United,D,"$300,000.00","$331,250.00",Andrew Gutman
Atlanta United,GK,"$445,716.00","$458,216.00",Brad Guzan
New York City FC,M,"$85,444.00","$85,444.00",Justin Haak
Nashville SC,M,"$84,000.00","$84,000.00",Luke Haakenson
Vancouver Whitecaps,M-F,"$84,000.00","$94,882.00",Kamron Habibullah
Houston Dynamo,D,"$1,014,000.00","$1,179,177.00",Teenage Hadebe
FC Cincinnati,D,"$84,000.00","$84,000.00",Nick Hagglund
Columbus Crew,M-D,"$175,000.00","$175,000.00",Marlon Hairston
San Jose Earthquakes,F,"$120,000.00","$129,000.00",Siad Haji
Orlando City SC,D,"$89,716.00","$99,447.00",Michael Halliday
Real Salt Lake,D,"$84,000.00","$91,500.00",Bret Halsey
CF Montreal,M,"$475,000.00","$572,500.00",Ahmed Hamdi
DC United,GK,"$700,000.00","$700,000.00",Bill Hamid
Minnesota United,M,"$200,400.00","$219,400.00",Niko Hansen
New York Red Bulls,M-F,"$225,000.00","$276,250.00",Cameron Harper
Philadelphia Union,D,"$90,000.00","$107,500.00",Nathan Harriel
FC Cincinnati,F,"$85,444.00","$100,444.00",Calvin Harris
LA Galaxy,D-M,"$84,000.00","$84,000.00",Carlos Miguel Harvey
Vancouver Whitecaps,GK,"$155,000.00","$173,934.00",Thomas Hasal
Minnesota United,M,"$190,000.00","$199,833.00",Jacori Hayes
FC Dallas,D,"$900,000.00","$900,000.00",Matt Hedges
Charlotte FC,M,"$65,500.00","$73,012.00",Christopher Hegardt
Toronto FC,D,"$385,000.00","$403,000.00",Doneil Henry
Chicago Fire,M,"$260,000.00","$281,250.00",Fabian Herbers
Columbus Crew,F,"$2,600,000.00","$2,886,000.00",Cucho Hernandez
Atlanta United,D,"$300,000.00","$300,000.00",Ronald Hernandez
Sporting Kansas City,M,"$85,444.00","$119,153.00",Felipe Hernandez
FC Dallas,M,"$66,724.00","$76,438.00",Dominick Hernandez
LA Galaxy,F,"$6,000,000.00","$7,443,750.00",Javier Hernandez
Real Salt Lake,D,"$700,000.00","$795,220.00",Aaron Herrera
Houston Dynamo,M,"$4,750,000.00","$5,246,875.00",Hector Herrera
Real Salt Lake,M-F,"$84,000.00","$88,294.00",Bode Hidalgo Davis
Inter Miami,F,"$5,100,000.00","$5,793,750.00",Gonzalo Gerardo Higuain
DC United,D,"$375,000.00","$417,917.00",Brendan Hines-Ike
Minnesota United,F,"$530,000.00","$580,000.00",Bongokuhle Hlongwane
Austin FC,F,"$650,000.00","$716,667.00",Danny Hoesen
Houston Dynamo,D,"$85,444.00","$85,444.00",Ian Hoffmann
LAFC,D,"$393,750.00","$393,750.00",Ryan Hollingshead
Real Salt Lake,D,"$125,000.00","$125,000.00",Erik Holt
DC United,M,"$65,500.00","$65,833.00",Jackson Hopkins
Major League Soccer,F,"$110,000.00","$119,000.00",Matt Hundley
Columbus Crew,F,"$84,000.00","$84,000.00",Erik Hurtado
Atlanta United,M,"$657,143.00","$657,143.00",Emerson Hyndman
Atlanta United,D-M,"$450,000.00","$520,000.00",Franco Ibarra
LAFC,D,"$225,000.00","$252,125.00",Sebastien Ibeagha
CF Montreal,F,"$200,000.00","$291,250.00",Sunusi Ibrahim
Columbus Crew,M,"$315,000.00","$408,281.00",James Igbekeme
Portland Timbers,F,"$85,444.00","$85,444.00",Tega Ikoba
Toronto FC,F,"$14,000,000.00","$14,000,000.00",Lorenzo Insigne *
Colorado Rapids,GK,"$200,000.00","$213,300.00",Clint Irwin
Sporting Kansas City,D,"$950,000.00","$1,028,124.00",Nicolas Isimat-Mirin
Portland Timbers,GK,"$220,000.00","$248,333.00",Aljaz Ivacic
Chicago Fire,M,"$300,000.00","$359,000.00",Stanislav Ivanov
Charlotte FC,F-M,"$900,000.00","$1,017,000.00",Kamil Jóźwiak
Minnesota United,M-F,"$66,724.00","$70,633.00",Aziel Jackson
New England Revolution,GK,"$65,500.00","$65,500.00",Jacob Jackson
Orlando City SC,D,"$525,000.00","$581,250.00",Robin Jansson
FC Dallas,F,"$2,540,000.00","$3,227,000.00",Franco Jara
New York City FC,M,"$100,000.00","$117,144.00",Andres Jasson
Inter Miami,F,"$720,000.00","$788,400.00",Corentin Jean
LAFC,F,"$84,000.00","$84,000.00",Cal Jennings
St. Louis SC,F,"$100,000.00","$148,250.00",Isak Jensen
Austin FC,D,"$200,000.00","$200,000.00",Hector Jimenez
New York City FC,F,"$65,500.00","$65,500.00",Jonathan Jimenez
Toronto FC,F-M,"$815,000.00","$934,927.00",Jesus Jimenez
CF Montreal,F,"$1,100,000.00","$1,236,667.00",Bjorn Johnsen
New York City FC,GK,"$550,000.00","$550,000.00",Sean Johnson
CF Montreal,M-D,"$400,000.00","$445,625.00",Alistair Johnston
New England Revolution,D-M,"$350,000.00","$370,000.00",DeJuan Jones
Inter Miami,D-M,"$360,000.00","$458,100.00",Joevin Martin Jones
Charlotte FC,M,"$185,000.00","$207,969.00",Derrick Jones
LA Galaxy,F,"$612,500.00","$612,500.00",Dejan Joveljic
LA Galaxy,F,"$65,500.00","$65,500.00",Preston Judd
Real Salt Lake,F-M,"$750,000.00","$820,000.00",Anderson Julio
Vancouver Whitecaps,D-M,"$550,000.00","$592,667.00",Florian Jungwirth
Houston Dynamo,D,"$89,513.00","$89,513.00",Sam Junqua
Charlotte FC,GK,"$425,000.00","$451,875.00",Kristijan Kahlina
Minnesota United,D,"$160,000.00","$168,000.00",Brent Kallman
DC United,F,"$1,500,000.00","$1,520,000.00",Ola Kamara
CF Montreal,F,"$84,000.00","$94,000.00",Kei Kamara
FC Dallas,M,"$84,000.00","$84,000.00",Bernard Kamungo
FC Cincinnati,GK,"$200,000.00","$220,833.00",Alec Kann
Real Salt Lake,D-M,"$260,000.00","$287,000.00",Johan Kappelhof
New England Revolution,M,"$525,000.00","$582,500.00",Wilfrid Kaptoum
Orlando City SC,F,"$1,860,000.00","$1,860,000.00",Ercan Kara
Toronto FC,M,"$700,000.00","$700,000.00",Mark-Anthony Kaye
Real Salt Lake,F,"$65,500.00","$81,500.00",Axel Kei
Colorado Rapids,D,"$135,000.00","$135,000.00",Aboubacar Keita
Austin FC,D,"$84,000.00","$96,500.00",Kipp Keller
DC United,GK,"$84,000.00","$84,000.00",Jon Kempin
Toronto FC,M-F,"$65,500.00","$70,819.00",Deandre Kerr
New England Revolution,D,"$150,000.00","$170,000.00",Henry Kessler
CF Montreal,GK,"$84,000.00","$84,000.00",Logan Ketterer
Minnesota United,F,"$66,724.00","$66,724.00",Nabilai Kibunguchy
San Jose Earthquakes,F,"$85,444.00","$91,219.00",Benjamin Kikanovic
Sporting Kansas City,M,"$850,000.00","$918,000.00",Gadi Kinda
Columbus Crew,M,"$300,000.00","$326,667.00",Perry Kitchen
New England Revolution,F,"$66,724.00","$66,724.00",Edward Kizza
St. Louis SC,F,"$1,230,000.00","$1,365,180.00",Joao Klauss
Austin FC,D,"$66,724.00","$66,724.00",Freddy Kleeman
New York Red Bulls,F,"$1,000,000.00","$1,135,000.00",Patryk Klimala
LA Galaxy,GK,"$200,000.00","$200,000.00",Jonathan Klinsmann
LA Galaxy,M,"$84,000.00","$84,000.00",Sacha Kljestan
New England Revolution,GK,"$150,000.00","$157,500.00",Brad Knighton
Austin FC,D,"$300,000.00","$300,000.00",Zan Kolmanic
CF Montreal,M,"$65,500.00","$68,125.00",Ismael Koné
Real Salt Lake,M,"$1,762,572.00","$1,762,572.00",Damir Kreilach
DC United,M,"$65,500.00","$65,500.00",Theodore Ku-DiPietro
FC Cincinnati,M,"$1,091,000.00","$1,206,750.00",Yuya Kubo
CF Montreal,M,"$65,500.00","$65,500.00",Jojea Kwizera
New York Red Bulls,F,"$65,500.00","$65,500.00",Jake La Cava
CF Montreal,M,"$510,000.00","$540,000.00",Lassi Lappalainen
Colorado Rapids,M,"$65,500.00","$65,500.00",Oliver Larraz
Toronto FC,M,"$1,170,402.00","$1,276,745.00",Richie Laryea
Austin FC,GK,"$65,500.00","$65,500.00",Damian Las
Inter Miami,F,"$210,000.00","$230,280.00",Ariel Lassiter
New York City FC,D,"$85,444.00","$85,444.00",Vukashin Latinovich
Minnesota United,D,"$400,000.00","$482,500.00",Kemar Lawrence
Nashville SC,F-M,"$850,000.00","$965,000.00",Randall Leal
LA Galaxy,D,"$300,000.00","$335,000.00",Kelvin Leerdam
Houston Dynamo,F,"$84,000.00","$84,000.00",Nico Lemoine
Atlanta United,D,"$500,000.00","$500,000.00",Brooks Lennon
LAFC,D-M,"$100,000.00","$102,000.00",Antonio Leone
Colorado Rapids,F,"$410,000.00","$435,000.00",Jonathan Lewis
Seattle Sounders FC,M,"$110,000.00","$129,423.00",Danny Leyva
Columbus Crew,M,"$564,000.00","$615,633.00",Artur Lima
Austin FC,D,"$350,000.00","$350,000.00",Nick Lima
Charlotte FC,D,"$200,000.00","$235,625.00",Jaylin Lindsey
FC Dallas,M,"$900,000.00","$1,023,750.00",Sebastian Lletget
Nashville SC,F,"$1,250,000.00","$1,491,475.00",Ake Loba
Minnesota United,M-F,"$849,996.00","$952,496.00",Robin Lod
Seattle Sounders FC,M,"$2,640,000.00","$3,256,667.00",Nicolas Lodeiro
Real Salt Lake,M,"$84,000.00","$84,000.00",Jasper Loeffelsend
New York Red Bulls,D,"$1,050,000.00","$1,080,000.00",Aaron Long
Nashville SC,M-D,"$65,500.00","$65,500.00",Ahmed Longmire
Atlanta United,F,"$360,000.00","$528,300.00",Erik Lopez Samaniego
Portland Timbers,M,"$125,000.00","$164,375.00",Marvin Loría
FC Cincinnati,GK,"$84,000.00","$84,000.00",Evan Louro
Nashville SC,D,"$498,750.00","$498,750.00",Daniel Lovitz
Inter Miami,D,"$225,000.00","$268,333.00",Damion Lowe
St. Louis SC,M,"$1,150,000.00","$1,294,250.00",Eduard Lowen
Real Salt Lake,M,"$84,000.00","$98,380.00",Diego Luna
Houston Dynamo,D,"$325,000.00","$372,500.00",Adam Lundkvist
Orlando City SC,F,"$65,500.00","$65,500.00",Jack Lynn
LAFC,M,"$600,000.00","$636,750.00",Jhegson Sebastián Méndez
Portland Timbers,D,"$450,000.00","$460,000.00",Larrys Mabiala
Inter Miami,D,"$65,500.00","$73,625.00",Aime Mabika
New England Revolution,M,"$69,902.00","$69,902.00",Lucas Maciel Felix
Real Salt Lake,GK,"$200,000.00","$200,000.00",Zac MacMath
Toronto FC,D,"$84,000.00","$86,100.00",Lukas MacNaughton
New York City FC,F,"$950,000.00","$1,198,000.00",Talles Magno
Nashville SC,D,"$130,000.00","$164,000.00",Jack Maher
New England Revolution,D-M,"$200,000.00","$200,000.00",Christian Makoun
Charlotte FC,D,"$250,000.00","$278,083.00",Adilson Malanda
New York Red Bulls,F,"$360,000.00","$374,800.00",Elias Manoel
San Jose Earthquakes,GK,"$300,000.00","$300,000.00",JT Marcinkowski
New York Red Bulls,GK,"$66,724.00","$66,724.00","Anthony Marcucci, Jr."
San Jose Earthquakes,D,"$145,000.00","$156,375.00",Paul Marie
Colorado Rapids,D,"$65,500.00","$65,500.00",Anthony Markanich
FC Cincinnati,F,"$65,500.00","$65,500.00",Nicholas Markanich
Charlotte FC,GK,"$65,500.00","$65,500.00",George Marks
Toronto FC,F,"$130,000.00","$136,842.00",Jahkeele Marshall-Rutty
Inter Miami,GK,"$474,996.00","$587,184.00",Nick Marsman
Atlanta United,F,"$3,750,000.00","$4,141,667.00",Josef Martinez
FC Dallas,D,"$650,000.00","$723,000.00",Jose Antonio Martinez
Philadelphia Union,M,"$250,000.00","$276,250.00",Jose Andres Martinez
Austin FC,M,"$84,000.00","$84,000.00",Felipe Martins
New York City FC,D,"$1,500,000.00","$1,962,000.00",Thiago Martins
Vancouver Whitecaps,D,"$300,000.00","$329,000.00",Luis Martins
Columbus Crew,M,"$425,000.00","$458,250.00",Alexandru Matan
FC Cincinnati,D,"$750,000.00","$806,875.00",Ronald Matarrita
Inter Miami,M,"$1,500,000.00","$1,500,000.00",Blaise Matuidi
FC Dallas,GK,"$275,000.00","$292,887.00",Jimmy Maurer
Toronto FC,D,"$1,000,000.00","$1,037,500.00",Chris Mavinga
Colorado Rapids,M,"$100,000.00","$113,000.00",Philip Mayaka
Philadelphia Union,D,"$300,000.00","$367,343.00",Olivier Mbaizo
Toronto FC,F,"$65,500.00","$75,078.00",Hugo Mbongue
LAFC,GK,"$110,000.00","$110,000.00",John McCarthy
Nashville SC,M,"$475,000.00","$517,500.00",Dax McCarty
Atlanta United,D,"$65,500.00","$65,500.00",Aiden McFadden
New York City FC,M,"$65,500.00","$83,756.00",Christian McFarlane
Philadelphia Union,M,"$77,500.00","$91,400.00",Jack McGlynn
Portland Timbers,D,"$84,000.00","$84,000.00",Zac McGraw
Sporting Kansas City,GK,"$120,000.00","$120,000.00",Kendall McIntosh
Minnesota United,M,"$66,724.00","$66,724.00",Justin McMaster
New England Revolution,M,"$240,000.00","$240,000.00",Thomas McNamara
Charlotte FC,M,"$65,500.00","$65,500.00",Quinn McNeill
Inter Miami,D,"$199,992.00","$224,292.00",Christopher McVey
New York Red Bulls,GK,"$324,000.00","$324,000.00",Ryan Meara
San Jose Earthquakes,M,"$65,500.00","$83,894.00",Cruz Medina
Seattle Sounders FC,M-D,"$200,000.00","$210,000.00",Jimmy Medranda
Sporting Kansas City,GK,"$525,000.00","$529,167.00",Tim Melia
Charlotte FC,F,"$300,000.00","$334,900.00",Vinicius Mello
Real Salt Lake,M-F,"$500,000.00","$602,813.00",Jonathan Menendez
Columbus Crew,D,"$1,000,000.00","$1,140,667.00",Jonathan Mensah
Real Salt Lake,M,"$425,000.00","$468,750.00",Justin Meram
Nashville SC,GK,"$84,000.00","$84,000.00",Bryan Meredith
Minnesota United,D,"$720,000.00","$819,250.00",Romain Metanire
Nashville SC,GK,"$65,500.00","$65,500.00",William Meyer
FC Cincinnati,D,"$1,464,000.00","$1,464,000.00",Matt Miazga
Orlando City SC,F,"$115,000.00","$121,303.00",Benji Michel
CF Montreal,M,"$700,000.00","$751,875.00",Djordje Mihailovic
CF Montreal,M,"$545,455.00","$593,364.00",Matko Miljevic
Minnesota United,GK,"$425,000.00","$445,938.00",Tyler Miller
Nashville SC,D,"$168,000.00","$168,000.00",Eric Miller
CF Montreal,D,"$300,000.00","$345,000.00",Kamal Miller
FC Cincinnati,M,"$84,000.00","$88,840.00",Ben Mines
New York City FC,F,"$1,150,000.00","$1,150,000.00",Alexandru Mitrita
New York City FC,GK,"$85,444.00","$85,444.00",Cody Mizell
Columbus Crew,M,"$700,348.00","$700,348.00",Kevin Molino
Chicago Fire,M,"$84,000.00","$85,900.00",Alex Monis
San Jose Earthquakes,M,"$1,200,000.00","$1,293,500.00",Jamiro Monteiro
Seattle Sounders FC,F,"$110,000.00","$110,000.00",Fredy Montero
Minnesota United,D,"$85,444.00","$87,361.00",Callum Montgomery
Colorado Rapids,D,"$150,000.00","$172,500.00",Drew Moor
Nashville SC,D,"$700,000.00","$779,400.00",Shaquell Moore
Portland Timbers,F,"$875,000.00","$955,000.00",Felipe Mora
Charlotte FC,D,"$200,000.00","$200,000.00",Joseph Mora
Atlanta United,D,"$65,500.00","$65,500.00",Efrain Morales
New York City FC,M,"$600,000.00","$662,250.00",Alfredo Morales
New York City FC,M,"$670,000.00","$1,300,000.00",Maxi Moralez
Columbus Crew,D,"$550,000.00","$632,708.00",Steven Moreira
Portland Timbers,F,"$300,000.00","$344,576.00",Santiago Moreno
FC Cincinnati,M,"$325,000.00","$373,750.00",Junior Moreno
Atlanta United,F-M,"$460,000.00","$568,333.00",Marcelino Moreno
New York Red Bulls,M-F,"$650,000.00","$653,125.00",Lewis Morgan
Columbus Crew,M,"$170,000.00","$172,000.00",Aidan Morris
Columbus Crew,D,"$65,500.00","$65,500.00",Jake Morris
Seattle Sounders FC,F,"$1,250,000.00","$1,370,100.00",Jordan Morris
DC United,M,"$850,000.00","$917,844.00",Ravel Morrison
Portland Timbers,D,"$160,000.00","$178,167.00",Juan Mosquera
Atlanta United,M-F,"$300,000.00","$337,000.00",Edwin Mosquera
Inter Miami,D-M,"$700,000.00","$805,000.00",Jean Mota
Orlando City SC,D,"$220,000.00","$263,000.00",Joao Moutinho
Chicago Fire,M,"$549,996.00","$612,316.00",Chris Mueller
Nashville SC,M,"$1,637,500.00","$1,926,250.00",Hany Mukhtar
Orlando City SC,M,"$301,600.00","$338,777.00",Jake Mulraney
FC Dallas,D,"$84,000.00","$84,000.00",Eddie Munjoma
LAFC,D,"$450,000.00","$509,500.00",Jesus Murillo
FC Cincinnati,D,"$65,500.00","$67,750.00",Ian Murphy
Real Salt Lake,F,"$93,988.00","$93,988.00",Danny Musovski
Nashville SC,M,"$325,000.00","$331,562.00",Alex Muyl
New York Red Bulls,D,"$84,000.00","$84,000.00",Hassan N'dam
Columbus Crew,M,"$1,760,000.00","$1,760,000.00",Darlington Nagbe
DC United,D,"$375,000.00","$375,000.00",Andy Najar
Chicago Fire,D,"$200,004.00","$240,204.00",Miguel Angel Navarro
Chicago Fire,M,"$200,004.00","$275,004.00",Federico Navarro
Sporting Kansas City,D,"$350,000.00","$396,125.00",Logan Ndenbe
LA Galaxy,D,"$100,000.00","$113,625.00",Jalen Neal
New York Red Bulls,D,"$175,000.00","$196,875.00",Sean Nealis
New York Red Bulls,D,"$175,000.00","$200,000.00",Dylan Nealis
FC Cincinnati,D,"$65,500.00","$73,500.00",John Nelson
Toronto FC,F,"$130,000.00","$136,586.00",Jayden Nelson
Houston Dynamo,GK,"$125,000.00","$139,500.00",Michael Nelson
Vancouver Whitecaps,D,"$265,000.00","$280,000.00",Jake Nerwinski
Inter Miami,D,"$65,500.00","$65,500.00",Harvey Neville
Vancouver Whitecaps,GK,"$105,000.00","$114,802.00",Evan Newton
New York Red Bulls,F,"$65,500.00","$85,451.00",Serge Ngoma
Colorado Rapids,M,"$300,000.00","$335,313.00",Sam Nicholson
Portland Timbers,F,"$807,500.00","$976,758.00",Jaroslaw Niezgoda
St. Louis SC,D,"$1,074,200.00","$1,130,200.00",Joakim Nilsson
New York Red Bulls,D,"$84,000.00","$84,000.00",Matthew Nocita
FC Dallas,M,"$65,500.00","$65,500.00",Tsiki Ntsabeleng
FC Cincinnati,M,"$900,000.00","$1,028,100.00",Obinna Nwobodo
Toronto FC,D,"$320,000.00","$358,000.00",Shane O'Neill
New York City FC,F,"$65,500.00","$65,500.00",Kevin O'Toole
FC Dallas,F,"$382,500.00","$467,100.00",Jader Obrian
Seattle Sounders FC,F,"$100,000.00","$114,500.00",Alfonso Ocampo-Chavez
San Jose Earthquakes,GK,"$84,000.00","$94,051.00",Emmanuel Ochoa
DC United,GK,"$103,500.00","$103,500.00",David Ochoa
Philadelphia Union,M,"$84,000.00","$100,280.00",Richard Odada
DC United,D,"$140,000.00","$151,000.00",Chris Odoi-Atsem
CF Montreal,F,"$159,996.00","$209,396.00",Chinonso Offor
Real Salt Lake,M,"$550,000.00","$608,653.00",Braian Ojeda
Toronto FC,M,"$115,000.00","$126,815.00",Noble Okello
Minnesota United,M-F,"$65,500.00","$65,500.00",Tani Oluwaseyi
Chicago Fire,D,"$140,000.00","$157,000.00",Wyatt Omsberg
LAFC,F-M,"$92,000.00","$133,095.00",Kwadwo Opoku
LAFC,F,"$65,500.00","$68,000.00",Nathan Ordaz
FC Cincinnati,F,"$65,500.00","$69,037.00",Arquimides Ordonez
Chicago Fire,M,"$65,500.00","$65,500.00",Sergio Oregel
Real Salt Lake,D,"$65,500.00","$65,500.00",Jaziel Orozco
Toronto FC,M,"$1,000,000.00","$1,026,250.00",Jonathan Osorio
St. Louis SC,M,"$363,000.00","$457,750.00",Tomas Ostrak
Real Salt Lake,D,"$274,800.00","$320,960.00",Bryan Oviedo
New York City FC,D,"$85,444.00","$85,444.00",Samuel Owusu
Vancouver Whitecaps,M,"$350,000.00","$401,250.00",Leonard Owusu
Minnesota United,D,"$65,500.00","$72,500.00",Devin Padelford
FC Dallas,GK,"$150,000.00","$187,500.00",Maarten Paes
LAFC,D,"$486,000.00","$510,000.00",Diego Palacios
Houston Dynamo,M,"$84,000.00","$84,000.00",Marcelo Palomino
DC United,M,"$850,000.00","$863,125.00",Victor Palsson
Nashville SC,GK,"$85,444.00","$85,444.00",Elliot Panicco
CF Montreal,GK,"$145,000.00","$160,833.00",James Pantemis
Portland Timbers,M,"$252,000.00","$350,000.00",Cristhian Paredes
Columbus Crew,M,"$66,724.00","$70,724.00",Isaiah Parente
FC Dallas,D,"$65,500.00","$77,500.00",Isaiah Parker
Houston Dynamo,D,"$1,000,000.00","$1,037,500.00",Tim Parker
New York City FC,M,"$500,000.00","$500,000.00",Keaton Parks
Orlando City SC,F,"$400,000.00","$400,000.00",Alexandre Pato
Seattle Sounders FC,M,"$1,200,000.00","$1,283,333.00",João Paulo Mior
San Jose Earthquakes,D,"$650,000.00","$691,250.00",Nathan Pelae Cardoso
New York City FC,M-F,"$875,000.00","$970,833.00",Matias Pellegrini
Orlando City SC,M,"$240,000.00","$248,500.00",Andres Perea
Austin FC,M,"$84,000.00","$102,258.00",Danny Pereira
New York City FC,F,"$555,000.00","$624,500.00",Gabriel Pereira
Orlando City SC,M,"$1,100,000.00","$1,348,000.00",Mauricio Pereyra
DC United,F,"$89,513.00","$89,513.00",Adrien Perez
LA Galaxy,M,"$150,000.00","$171,750.00",Jonathan Perez
Toronto FC,F,"$84,000.00","$86,500.00",Jordan Perruzza
Toronto FC,D,"$65,500.00","$70,012.00",Luca Petrasso
New England Revolution,GK,"$225,000.00","$225,000.00",Dorde Petrović
Houston Dynamo,F,"$600,000.00","$600,000.00",Fafa Picault
St. Louis SC,D,"$250,000.00","$291,875.00",Selmir Pidro
Sporting Kansas City,D,"$65,500.00","$70,600.00",Kayden Pierre
CF Montreal,M,"$400,000.00","$429,750.00",Samuel Piette
Chicago Fire,D-M,"$225,000.00","$248,875.00",Mauricio Pineda
Nashville SC,F,"$275,000.00","$372,500.00",Rodrigo Pineiro
DC United,D,"$150,000.00","$152,000.00",Donovan Pines
Inter Miami,M-F,"$3,050,000.00","$3,350,000.00",Rodolfo Pizarro
Austin FC,M,"$525,000.00","$585,000.00",Tomas Pochettino
New England Revolution,D-M,"$325,000.00","$353,437.00",Matt Polster
St. Louis SC,M,"$65,500.00","$65,500.00",Celio Pompeu
FC Dallas,M,"$700,000.00","$700,000.00",Paxton Pomykal
Philadelphia Union,D,"$85,444.00","$99,169.00",Gino Portella
FC Cincinnati,D,"$150,000.00","$167,000.00",Alvas Powell
Inter Miami,M,"$3,800,000.00","$4,693,000.00",Alejandro Pozuelo
Colorado Rapids,M,"$662,500.00","$725,000.00",Jack Price
Colorado Rapids,M,"$85,444.00","$89,195.00",Ralph Priso
Chicago Fire,F,"$1,100,004.00","$1,212,504.00",Kacper Przybylko
LA Galaxy,M,"$1,612,500.00","$1,695,000.00",Ricard Puig
Sporting Kansas City,F,"$2,200,000.00","$2,200,000.00",Alan Pulido
Austin FC,GK,"$66,724.00","$66,724.00",William Pulisic
Sporting Kansas City,GK,"$89,716.00","$92,216.00",John Pulskamp
Atlanta United,D,"$400,000.00","$483,500.00",Juan Jose Purata
Real Salt Lake,GK,"$155,000.00","$168,458.00",Andrew Putna
FC Dallas,D,"$180,000.00","$227,833.00",Joshué Quiñónez
FC Dallas,M,"$786,000.00","$840,627.00",Facundo Quignon
Houston Dynamo,F,"$150,996.00","$171,890.00",Nelson Quinones
Houston Dynamo,F,"$600,000.00","$661,250.00",Darwin Quintero
CF Montreal,F,"$800,000.00","$885,000.00",Romell Quioto
Sporting Kansas City,D,"$84,000.00","$84,000.00",Kaveh Rad
Philadelphia Union,,"$65,500.00","$74,774.00",Jeremy Rafanello
Seattle Sounders FC,D,"$65,500.00","$65,500.00",Jackson Ragen
Houston Dynamo,M,"$65,500.00","$83,563.00",Brooklyn Raines
Toronto FC,GK,"$84,000.00","$89,167.00",Gregory Ranjitsingh
Vancouver Whitecaps,M,"$100,000.00","$114,000.00",Ryan Raposo
Portland Timbers,D,"$65,500.00","$65,500.00",Justin Rasmussen
CF Montreal,,"$66,724.00","$74,809.00",Sean Rea
Philadelphia Union,D,"$105,000.00","$105,000.00",Matthew Real
Austin FC,F,"$412,500.00","$412,500.00",Rodney Redes
FC Dallas,M,"$66,724.00","$74,346.00",Beni Redzic
San Jose Earthquakes,M,"$450,000.00","$450,000.00",Eric Remedi
New England Revolution,F,"$110,000.00","$120,000.00",Justin Rennicks
New England Revolution,D,"$65,500.00","$65,500.00",Benjamin Reveno
New York Red Bulls,D,"$425,000.00","$469,375.00",Andres Reyes
Charlotte FC,M-F,"$797,500.00","$797,500.00",Yordy Reyna
Chicago Fire,D,"$90,000.00","$98,000.00",Andre Reynolds
Minnesota United,M,"$850,000.00","$1,066,910.00",Emanuel Reynoso
Chicago Fire,GK,"$132,000.00","$132,000.00",Spencer Richey
San Jose Earthquakes,F,"$65,500.00","$65,500.00",Will Richmond
Vancouver Whitecaps,F,"$84,000.00","$84,000.00",Tosaint Ricketts
Austin FC,M,"$1,846,152.00","$2,294,152.00",Emiliano Rigoni
Austin FC,M,"$1,500,000.00","$1,640,000.00",Alexander Ring
Houston Dynamo,M,"$65,500.00","$70,022.00",Daniel Esteban Rios
Charlotte FC,F,"$230,000.00","$251,500.00",Daniel Rios
Atlanta United,GK,"$108,000.00","$115,530.00",Rocco Rios-Novo
New England Revolution,M,"$84,000.00","$84,000.00",Damian Rivera
Orlando City SC,M,"$66,724.00","$66,724.00",Wilfredo Rivera
DC United,F,"$550,000.00","$622,406.00",Nigel Robertha
FC Dallas,M,"$160,000.00","$172,000.00",Thomas Roberts
Atlanta United,D,"$700,000.00","$737,500.00",Miles Robinson
Inter Miami,F,"$140,000.00","$185,000.00",Robert Robinson
FC Cincinnati,F,"$65,500.00","$86,391.00",Harrison Robledo
Colorado Rapids,GK,"$84,000.00","$84,000.00",Abraham Rodriguez
DC United,F-M,"$456,000.00","$597,200.00",Martin Rodriguez
New York City FC,M,"$612,500.00","$612,500.00",Santiago Rodriguez
Houston Dynamo,M,"$285,000.00","$310,935.00",Memo Rodriguez
Inter Miami,M,"$315,000.00","$350,500.00",Emerson Rodriguez
Chicago Fire,M,"$84,000.00","$85,900.00",Allan Rodriguez
Chicago Fire,F,"$65,500.00","$65,500.00",Missael Rodriguez
Seattle Sounders FC,M,"$860,000.00","$981,542.00",Cristian Roldan
Seattle Sounders FC,M-D,"$200,000.00","$232,500.00",Alex Roldan
Austin FC,D,"$440,000.00","$440,000.00",Jhohan Romana
LAFC,GK,"$90,000.00","$95,000.00",Tomas Romero
Charlotte FC,M,"$65,500.00","$76,333.00",Brian Romero
Nashville SC,D,"$475,000.00","$475,000.00",Dave Romney
DC United,GK,"$250,000.00","$285,833.00",Rafael Romo
Columbus Crew,GK,"$800,000.00","$883,000.00",Eloy Room
Minnesota United,M,"$65,500.00","$65,500.00",Joseph Rosales
Sporting Kansas City,M,"$475,000.00","$475,000.00",Oriol Rosell
Colorado Rapids,D,"$400,000.00","$400,000.00",Keegan Rosenberry
Atlanta United,M,"$550,000.00","$662,500.00",Matheus Rossetto
Seattle Sounders FC,M-D,"$275,000.00","$275,000.00",Kelyn Rowe
Real Salt Lake,F,"$510,000.00","$582,937.00",Rubio Rubin
Colorado Rapids,F,"$585,000.00","$629,583.00",Diego Rubio Kostner
Seattle Sounders FC,F,"$2,472,000.00","$3,201,120.00",Raul Ruidiaz
Real Salt Lake,M,"$450,000.00","$523,500.00",Pablo Ruiz
Seattle Sounders FC,M,"$1,800,000.00","$1,871,667.00",Albert Rusnak
Sporting Kansas City,F,"$2,000,000.00","$2,000,000.00",Johnny Russell
Columbus Crew,F,"$65,500.00","$72,866.00",Jacen Russell-Rowe
New York Red Bulls,F,"$65,500.00","$65,500.00",Zach Ryan
Inter Miami,D,"$65,500.00","$65,500.00",Ryan Sailor
CF Montreal,,"$66,724.00","$77,200.00",Nathan-Dylan Saliba
San Jose Earthquakes,F,"$280,000.00","$280,000.00",Shea Salinas
Sporting Kansas City,F,"$450,000.00","$506,667.00",Daniel Salloi
DC United,D-M,"$84,000.00","$84,000.00",Gaoussou Samake
LAFC,M,"$1,150,000.00","$1,150,000.00",Ilie Sanchez
LA Galaxy,GK,"$84,000.00","$84,000.00",Richard Sanchez
Columbus Crew,D,"$84,000.00","$90,250.00",Will Sands
New York City FC,D-M,"$400,000.00","$493,956.00",James Sands
Columbus Crew,D,"$625,000.00","$687,500.00",Pedro Santos
FC Cincinnati,F,"$850,000.00","$918,500.00",Sergio Santos
Charlotte FC,D,"$65,500.00","$65,500.00",Koa Santos
Charlotte FC,M,"$500,000.00","$561,387.00",Nuno Santos
Nashville SC,F,"$550,000.00","$550,000.00",CJ Sapong
DC United,D,"$65,500.00","$65,500.00",Hayden Sargis
Real Salt Lake,F,"$2,000,000.00","$2,224,292.00",Jefferson Savarino
Vancouver Whitecaps,M,"$800,000.00","$892,500.00",Alessandro Schöpf
Orlando City SC,D,"$200,000.00","$200,000.00",Rodrigo Schlegel
Real Salt Lake,F,"$92,500.00","$92,500.00",Tate Schmitt
St. Louis SC,M,"$65,500.00","$65,500.00",Max Schneider
Columbus Crew,GK,"$84,000.00","$96,431.00",Patrick Schulte
Columbus Crew,GK,"$84,000.00","$84,000.00",Brady Scott
FC Dallas,F,"$140,000.00","$164,417.00",Dante Sealy
LAFC,D,"$200,000.00","$224,000.00",Eddie Segura
Atlanta United,M,"$85,444.00","$85,444.00",Amar Sejdic
Chicago Fire,D,"$596,000.00","$668,900.00",Boris Sekulic
FC Dallas,M,"$400,000.00","$455,833.00",Brandon Servania
Nashville SC,M-F,"$130,000.00","$136,500.00",Jacob Shaffelburg
Chicago Fire,M,"$7,350,000.00","$8,153,000.00",Xherdan Shaqiri
Inter Miami,M-D,"$182,000.00","$206,100.00",Brek Shea
Sporting Kansas City,F,"$350,000.00","$350,000.00",Khiry Shelton
Charlotte FC,F,"$140,000.00","$150,000.00",Andre Shinyashiki
Real Salt Lake,D,"$600,000.00","$646,667.00",Marcelo Silva
Toronto FC,D,"$84,000.00","$91,966.00",Luke Singh
CF Montreal,GK,"$84,000.00","$88,319.00",Jonathan Sirois
Charlotte FC,GK,"$180,000.00","$200,667.00",Pablo Sisniega
San Jose Earthquakes,M,"$84,000.00","$84,000.00",Jack Skahan
DC United,M-F,"$89,513.00","$89,513.00",Andrew Skundrich
Chicago Fire,GK,"$143,000.00","$147,800.00",Gabriel Slonina
DC United,D,"$550,000.00","$591,250.00",Brad Smith
DC United,M-F,"$85,444.00","$85,444.00",Kimarni Smith
FC Dallas,D,"$90,000.00","$93,000.00",Collin Smith
Orlando City SC,D,"$128,580.00","$141,244.00",Kyle Smith
Charlotte FC,D,"$325,000.00","$351,250.00",Jan Sobocinski
Philadelphia Union,M,"$85,444.00","$88,444.00",Anthony Sorenson
Atlanta United,M-F,"$525,000.00","$643,100.00",Santiago Sosa
Vancouver Whitecaps,M,"$500,000.00","$562,500.00",Caio Alexandre Sousa e Silva
FC Cincinnati,F,"$1,680,000.00","$2,218,600.00",Brenner Souza da Silva
New York Red Bulls,F,"$84,000.00","$93,086.00",Omar Sowe
New England Revolution,M,"$65,500.00","$65,500.00",Ryan Spaulding
New York Red Bulls,M,"$65,500.00","$65,500.00",Steven Sserwadda
Minnesota United,GK,"$300,000.00","$321,875.00",Dayne St. Clair
Orlando City SC,GK,"$89,716.00","$89,716.00",Mason Stajduhar
Houston Dynamo,D,"$450,000.00","$468,750.00",Daniel Steres
Austin FC,M,"$84,000.00","$84,000.00",Jared Stroud
Austin FC,GK,"$175,000.00","$185,000.00",Brad Stuver
Philadelphia Union,M,"$100,000.00","$103,500.00",Quinn Sullivan
Portland Timbers,GK,"$65,500.00","$69,892.00",Hunter Sulte
FC Cincinnati,GK,"$84,000.00","$87,863.00",Beckham Sunderland
Sporting Kansas City,D,"$200,000.00","$200,000.00",Ben Sweat
FC Dallas,D,"$197,950.00","$197,950.00",Nkosi Tafari Burgess
New England Revolution,F,"$606,375.00","$647,860.00",Ismael Tajouri-Shradi
Austin FC,GK,"$300,000.00","$308,333.00",Andrew Tarbell
Minnesota United,M,"$85,444.00","$85,444.00",David Taylor
Inter Miami,F,"$252,000.00","$278,900.00",Robert Taylor
Vancouver Whitecaps,M,"$400,000.00","$449,375.00",Russell Teibert
Orlando City SC,D,"$360,000.00","$360,000.00",Ruan Teixeira
LAFC,F,"$1,333,333.00","$1,725,069.00",Cristian Tello
Chicago Fire,D,"$200,000.00","$255,440.00",Carlos Teran
Seattle Sounders FC,M,"$65,500.00","$65,500.00",Dylan Teves
Seattle Sounders FC,GK,"$84,000.00","$91,500.00",Andrew Thomas
Sporting Kansas City,M,"$1,200,000.00","$1,306,250.00",Erik Thommy
San Jose Earthquakes,D,"$280,000.00","$280,000.00",Tommy Thompson
Toronto FC,M,"$65,500.00","$70,760.00",Kosi Thompson
CF Montreal,D,"$150,000.00","$173,500.00",Robert Thorkelsson
New York City FC,D,"$750,000.00","$800,000.00",Anton Tinnerholm
New York Red Bulls,D,"$100,000.00","$105,000.00",John Tolkin
Seattle Sounders FC,D,"$300,000.00","$344,274.00",Nouhou Tolo
LAFC,F,"$90,000.00","$101,230.00",Christian Torres
CF Montreal,M,"$230,000.00","$279,800.00",Joaquin Torres
Orlando City SC,F,"$600,000.00","$953,200.00",Facundo Torres
Chicago Fire,M,"$849,996.00","$1,219,329.00",Jairo Torres
Colorado Rapids,F,"$65,500.00","$80,118.00","Dantouma ""Yaya"" Toure"
CF Montreal,F,"$500,000.00","$558,000.00",Mason Toye
LAFC,D,"$100,000.00","$100,000.00",Mohamed Traore
Minnesota United,M,"$784,875.00","$784,875.00",Wil Trapp
San Jose Earthquakes,D,"$100,000.00","$150,000.00",Miguel Trauco
Colorado Rapids,M,"$65,500.00","$68,000.00",Jackson Travis
LAFC,F,"$65,500.00","$65,500.00",Danny Trejo
San Jose Earthquakes,M,"$65,500.00","$69,667.00",Niko Tsakiris
Portland Timbers,D-M,"$285,000.00","$304,450.00",Bill Tuiloma
Philadelphia Union,M,"$89,716.00","$92,716.00",Cole Turner
FC Dallas,D,"$290,000.00","$309,300.00",Ema Twumasi
Sporting Kansas City,F-M,"$612,500.00","$612,500.00",Marinos Tzionis
Philadelphia Union,F,"$1,400,000.00","$1,666,250.00",Mikael Uhre
Houston Dynamo,F,"$65,500.00","$77,699.00",Thorleifur Ulfarsson
Inter Miami,M,"$250,000.00","$250,000.00",Victor Ulloa
Austin FC,F,"$625,000.00","$661,250.00",Maximiliano Urruti
Houston Dynamo,GK,"$65,500.00","$75,211.00",Xavier Valdez
Austin FC,M,"$355,000.00","$400,125.00",Jhojan Valencia
Inter Miami,F,"$65,500.00","$65,500.00",Felipe Valencia-Barona
Houston Dynamo,D,"$260,000.00","$290,000.00",Zarek Valentin
Colorado Rapids,D,"$312,000.00","$344,880.00",Gustavo Vallecilla
Portland Timbers,D-M,"$85,000.00","$85,000.00",Jose Van Rankin
Seattle Sounders FC,M,"$65,500.00","$74,531.00",Obed Vargas
Charlotte FC,F,"$350,000.00","$392,167.00",Kerwin Vargas
Inter Miami,F,"$84,000.00","$134,000.00",Indiana Vassilev
FC Cincinnati,F,"$275,000.00","$517,500.00",Brandon Vazquez
LA Galaxy,M,"$440,000.00","$440,000.00",Victor Vazquez
LAFC,F,"$2,400,000.00","$2,737,500.00",Carlos Vela
FC Dallas,F,"$1,100,000.00","$1,305,000.00",Alan Velasco
Houston Dynamo,M,"$550,000.00","$622,812.00",Matias Gabriel Vera
FC Cincinnati,GK,"$84,000.00","$84,000.00",Kenneth Vermeer
Vancouver Whitecaps,D,"$405,000.00","$490,500.00",Ranko Veselinovic
LA Galaxy,D,"$450,000.00","$486,667.00",Jorge Villafaña
Vancouver Whitecaps,M,"$556,000.00","$609,997.00",Pedro Vite
Sporting Kansas City,D,"$400,000.00","$427,860.00",Robert Voloder
Portland Timbers,GK,"$84,000.00","$84,000.00",Justin Vom Steeg
New England Revolution,F,"$1,500,000.00","$1,747,500.00",Giacomo Vrioni
Philadelphia Union,D,"$510,000.00","$581,000.00",Kai Wagner
Charlotte FC,D,"$325,000.00","$353,594.00",Anton Walkes
San Jose Earthquakes,D,"$100,000.00","$103,000.00",Casey Walls
Sporting Kansas City,M,"$800,000.00","$800,000.00",Remi Walter
CF Montreal,M,"$2,400,000.00","$3,091,667.00",Victor Wanyama
Colorado Rapids,M,"$84,000.00","$84,000.00",Collen Warner
Nashville SC,D-M,"$93,989.00","$107,570.00",Taylor Washington
Atlanta United,D,"$65,500.00","$65,500.00",Bryce Washington
CF Montreal,D,"$125,000.00","$133,909.00",Joel Waterman
Minnesota United,M-F,"$66,724.00","$79,910.00",Patrick Weah
Real Salt Lake,M,"$65,500.00","$81,500.00",Jude Wellings
Toronto FC,GK,"$300,000.00","$313,583.00",Quentin Westberg
Vancouver Whitecaps,F,"$456,000.00","$456,000.00",Brian White
Atlanta United,D,"$65,500.00","$67,100.00",Caleb Wiley
Columbus Crew,D,"$325,000.00","$325,000.00",Josh Williams
Orlando City SC,D,"$66,724.00","$73,254.00",Thomas Williams
LA Galaxy,D,"$750,000.00","$821,458.00",Derrick Williams
Portland Timbers,M,"$550,000.00","$550,000.00",Eryk Williamson
Nashville SC,GK,"$300,000.00","$316,250.00",Joe Willis
Colorado Rapids,D,"$330,000.00","$354,750.00",Danny Wilson
Atlanta United,F-M,"$110,000.00","$114,500.00",Tyler Wolff
Austin FC,M,"$65,500.00","$78,553.00",Owen Wolff
Real Salt Lake,F,"$925,000.00","$1,018,161.00",Bobby Wood
CF Montreal,D,"$85,444.00","$89,933.00",Karifa Yao
Colorado Rapids,F,"$65,500.00","$76,333.00",Darren Yapi
Colorado Rapids,GK,"$300,000.00","$375,000.00",William Yarbrough
New York Red Bulls,M,"$500,000.00","$568,750.00",Dru Yearwood
Columbus Crew,M,"$600,000.00","$663,750.00",Yaw Yeboah
Inter Miami,D,"$800,000.00","$848,750.00",DeAndre Yedlin
San Jose Earthquakes,M,"$700,000.00","$736,875.00",Jackson Yueill
Colorado Rapids,F,"$1,500,000.00","$1,550,000.00",Gyasi Zardes
LA Galaxy,D,"$84,000.00","$84,000.00",Eriq Zavaleta
Columbus Crew,M,"$84,000.00","$89,000.00",Sean Zawadzki
New York City FC,M,"$84,000.00","$84,000.00",Gedion Zelalem
Columbus Crew,M,"$3,100,000.00","$3,700,000.00",Lucas Zelarayan
Charlotte FC,GK,"$84,000.00","$91,986.00",Adrian Zendejas
Nashville SC,D,"$2,088,235.00","$2,345,214.00",Walker Zimmerman
CF Montreal,M,"$66,724.00","$74,809.00",Rida Zouhir
Nashville SC,F,"$116,000.00","$130,000.00",Ethan Zubak
Portland Timbers,D,"$375,000.00","$579,200.00",Dario Zuparic
Sporting Kansas City,D,"$450,000.00","$450,000.00",Graham Zusi
