Club,Position(s),Base Salary,Guaranteed Compensation,Name,id,rating,player_image,player_name,country_image,league_image,position,club,league,pace,shooting,passing,dribbling,defending,physical,limit
FC Cincinnati,M,"$1,943,500.00","$2,222,854.00",Luciano Acosta,13bd88de-dbde-11ed-af20-acde48001122,75,,Luciano Acosta,,,CAM,FC Cincinnati,Major League Soccer,79,67,70,82,46,56,1000
FC Cincinnati,M,"$1,943,500.00","$2,222,854.00",Luciano Acosta,13bd88de-dbde-11ed-af20-acde48001122,75,,Luciano Acosta,,,CAM,FC Cincinnati,Major League Soccer,79,67,70,82,46,56,1500
FC Cincinnati,M,"$1,943,500.00","$2,222,854.00",Luciano Acosta,13bd88de-dbde-11ed-af20-acde48001122,75,,Luciano Acosta,,,CAM,FC Cincinnati,Major League Soccer,79,67,70,82,46,56,2000
FC Cincinnati,M,"$1,943,500.00","$2,222,854.00",Luciano Acosta,13bd88de-dbde-11ed-af20-acde48001122,75,,Luciano Acosta,,,CAM,FC Cincinnati,Major League Soccer,79,67,70,82,46,56,2500
FC Cincinnati,M,"$1,943,500.00","$2,222,854.00",Luciano Acosta,13bd88de-dbde-11ed-af20-acde48001122,75,,Luciano Acosta,,,CAM,FC Cincinnati,Major League Soccer,79,67,70,82,46,56,3000
FC Cincinnati,M,"$1,943,500.00","$2,222,854.00",Luciano Acosta,13bd88de-dbde-11ed-af20-acde48001122,75,,Luciano Acosta,,,CAM,FC Cincinnati,Major League Soccer,79,67,70,82,46,56,3500
Charlotte FC,D,"$300,000.00","$332,500.00",Harrison Afful,4fc108ae-dbe5-11ed-af20-acde48001122,69,,Harrison Afful,,,RB,Columbus Crew,Major League Soccer,74,58,66,69,65,70,3000
Charlotte FC,D,"$300,000.00","$332,500.00",Harrison Afful,4fc108ae-dbe5-11ed-af20-acde48001122,69,,Harrison Afful,,,RB,Columbus Crew,Major League Soccer,74,58,66,69,65,70,3500
Columbus Crew,D,"$150,000.00","$150,000.00",Jalil Anibaba,46f1052e-dbe7-11ed-af20-acde48001122,67,,Jalil Anibaba,,,CB,Columbus Crew,Major League Soccer,51,44,55,53,67,75,3000
Columbus Crew,D,"$150,000.00","$150,000.00",Jalil Anibaba,46f1052e-dbe7-11ed-af20-acde48001122,67,,Jalil Anibaba,,,CB,Columbus Crew,Major League Soccer,51,44,55,53,67,75,3500
LAFC,M-F,"$624,000.00","$683,000.00",Cristian Arango,0e9d79f6-dbe1-11ed-af20-acde48001122,72,,Cristian Arango,,,ST,LAFC,Major League Soccer,74,72,64,72,33,67,1000
LAFC,M-F,"$624,000.00","$683,000.00",Cristian Arango,0e9d79f6-dbe1-11ed-af20-acde48001122,72,,Cristian Arango,,,ST,LAFC,Major League Soccer,74,72,64,72,33,67,1500
LAFC,M-F,"$624,000.00","$683,000.00",Cristian Arango,0e9d79f6-dbe1-11ed-af20-acde48001122,72,,Cristian Arango,,,ST,LAFC,Major League Soccer,74,72,64,72,33,67,2000
LAFC,M-F,"$624,000.00","$683,000.00",Cristian Arango,0e9d79f6-dbe1-11ed-af20-acde48001122,72,,Cristian Arango,,,ST,LAFC,Major League Soccer,74,72,64,72,33,67,2500
LAFC,M-F,"$624,000.00","$683,000.00",Cristian Arango,0e9d79f6-dbe1-11ed-af20-acde48001122,72,,Cristian Arango,,,ST,LAFC,Major League Soccer,74,72,64,72,33,67,3000
LAFC,M-F,"$624,000.00","$683,000.00",Cristian Arango,0e9d79f6-dbe1-11ed-af20-acde48001122,72,,Cristian Arango,,,ST,LAFC,Major League Soccer,74,72,64,72,33,67,3500
LA Galaxy,D,"$575,000.00","$678,750.00",Julian Araujo,4621f21e-dbe4-11ed-af20-acde48001122,69,,Julian Araujo,,,RB,LA Galaxy,Major League Soccer,80,33,60,69,64,66,3000
LA Galaxy,D,"$575,000.00","$678,750.00",Julian Araujo,4621f21e-dbe4-11ed-af20-acde48001122,69,,Julian Araujo,,,RB,LA Galaxy,Major League Soccer,80,33,60,69,64,66,3500
Colorado Rapids,M,"$650,000.00","$680,000.00",Michael Barrios,0c1a2fe6-dbdf-11ed-af20-acde48001122,74,,Michael Barrios,,,RM,Colorado Rapids,Major League Soccer,92,65,70,75,43,52,500
Colorado Rapids,M,"$650,000.00","$680,000.00",Michael Barrios,0c1a2fe6-dbdf-11ed-af20-acde48001122,74,,Michael Barrios,,,RM,Colorado Rapids,Major League Soccer,92,65,70,75,43,52,1000
Colorado Rapids,M,"$650,000.00","$680,000.00",Michael Barrios,0c1a2fe6-dbdf-11ed-af20-acde48001122,74,,Michael Barrios,,,RM,Colorado Rapids,Major League Soccer,92,65,70,75,43,52,1500
Colorado Rapids,M,"$650,000.00","$680,000.00",Michael Barrios,0c1a2fe6-dbdf-11ed-af20-acde48001122,74,,Michael Barrios,,,RM,Colorado Rapids,Major League Soccer,92,65,70,75,43,52,2000
Colorado Rapids,M,"$650,000.00","$680,000.00",Michael Barrios,0c1a2fe6-dbdf-11ed-af20-acde48001122,74,,Michael Barrios,,,RM,Colorado Rapids,Major League Soccer,92,65,70,75,43,52,2500
Colorado Rapids,M,"$650,000.00","$680,000.00",Michael Barrios,0c1a2fe6-dbdf-11ed-af20-acde48001122,74,,Michael Barrios,,,RM,Colorado Rapids,Major League Soccer,92,65,70,75,43,52,3000
Colorado Rapids,M,"$650,000.00","$680,000.00",Michael Barrios,0c1a2fe6-dbdf-11ed-af20-acde48001122,74,,Michael Barrios,,,RM,Colorado Rapids,Major League Soccer,92,65,70,75,43,52,3500
Philadelphia Union,M,"$900,000.00","$1,110,000.00",Alejandro Bedoya,4425becc-dbe0-11ed-af20-acde48001122,73,,Alejandro Bedoya,,,CM,Philadelphia,Major League Soccer,63,65,71,72,67,74,3000
Philadelphia Union,M,"$900,000.00","$1,110,000.00",Alejandro Bedoya,4425becc-dbe0-11ed-af20-acde48001122,73,,Alejandro Bedoya,,,CM,Philadelphia,Major League Soccer,63,65,71,72,67,74,3500
Colorado Rapids,D,"$150,000.00","$172,500.00",Steven Beitashour,3c465f22-dbe5-11ed-af20-acde48001122,69,,Steven Beitashour,,,RB,Colorado Rapids,Major League Soccer,68,51,66,67,65,73,2500
Colorado Rapids,D,"$150,000.00","$172,500.00",Steven Beitashour,3c465f22-dbe5-11ed-af20-acde48001122,69,,Steven Beitashour,,,RB,Colorado Rapids,Major League Soccer,68,51,66,67,65,73,3000
Colorado Rapids,D,"$150,000.00","$172,500.00",Steven Beitashour,3c465f22-dbe5-11ed-af20-acde48001122,69,,Steven Beitashour,,,RB,Colorado Rapids,Major League Soccer,68,51,66,67,65,73,3500
Minnesota United,D,"$602,210.00","$655,307.00",Michael Boxall,2cd0f43a-dbe5-11ed-af20-acde48001122,69,,Michael Boxall,,,CB,Minnesota United,Major League Soccer,56,42,58,57,67,80,2000
Minnesota United,D,"$602,210.00","$655,307.00",Michael Boxall,2cd0f43a-dbe5-11ed-af20-acde48001122,69,,Michael Boxall,,,CB,Minnesota United,Major League Soccer,56,42,58,57,67,80,2500
Minnesota United,D,"$602,210.00","$655,307.00",Michael Boxall,2cd0f43a-dbe5-11ed-af20-acde48001122,69,,Michael Boxall,,,CB,Minnesota United,Major League Soccer,56,42,58,57,67,80,3000
Minnesota United,D,"$602,210.00","$655,307.00",Michael Boxall,2cd0f43a-dbe5-11ed-af20-acde48001122,69,,Michael Boxall,,,CB,Minnesota United,Major League Soccer,56,42,58,57,67,80,3500
New England Revolution,D,"$325,000.00","$343,813.00",Brandon Bye,12e4a0ba-dbd8-11ed-af20-acde48001122,89,,Brandon Bye,,,RB,New England,Major League Soccer,96,70,85,88,89,94,1000
New England Revolution,D,"$325,000.00","$343,813.00",Brandon Bye,12e4a0ba-dbd8-11ed-af20-acde48001122,89,,Brandon Bye,,,RB,New England,Major League Soccer,96,70,85,88,89,94,1500
New England Revolution,D,"$325,000.00","$343,813.00",Brandon Bye,12e4a0ba-dbd8-11ed-af20-acde48001122,89,,Brandon Bye,,,RB,New England,Major League Soccer,96,70,85,88,89,94,2000
New England Revolution,D,"$325,000.00","$343,813.00",Brandon Bye,12e4a0ba-dbd8-11ed-af20-acde48001122,89,,Brandon Bye,,,RB,New England,Major League Soccer,96,70,85,88,89,94,2500
New England Revolution,D,"$325,000.00","$343,813.00",Brandon Bye,12e4a0ba-dbd8-11ed-af20-acde48001122,89,,Brandon Bye,,,RB,New England,Major League Soccer,96,70,85,88,89,94,3000
New England Revolution,D,"$325,000.00","$343,813.00",Brandon Bye,12e4a0ba-dbd8-11ed-af20-acde48001122,89,,Brandon Bye,,,RB,New England,Major League Soccer,96,70,85,88,89,94,3500
New York City FC,M,"$900,000.00","$1,076,000.00",Valentin Castellanos,249449c2-dbe3-11ed-af20-acde48001122,70,,Valentin Castellanos,,,ST,New York City FC,Major League Soccer,71,69,60,69,34,71,1500
New York City FC,M,"$900,000.00","$1,076,000.00",Valentin Castellanos,249449c2-dbe3-11ed-af20-acde48001122,70,,Valentin Castellanos,,,ST,New York City FC,Major League Soccer,71,69,60,69,34,71,2000
New York City FC,M,"$900,000.00","$1,076,000.00",Valentin Castellanos,249449c2-dbe3-11ed-af20-acde48001122,70,,Valentin Castellanos,,,ST,New York City FC,Major League Soccer,71,69,60,69,34,71,2500
New York City FC,M,"$900,000.00","$1,076,000.00",Valentin Castellanos,4389d510-dbdc-11ed-af20-acde48001122,78,,Valentin Castellanos,,,ST,New York City FC,Major League Soccer,80,79,70,78,42,80,2500
New York City FC,M,"$900,000.00","$1,076,000.00",Valentin Castellanos,249449c2-dbe3-11ed-af20-acde48001122,70,,Valentin Castellanos,,,ST,New York City FC,Major League Soccer,71,69,60,69,34,71,3000
New York City FC,M,"$900,000.00","$1,076,000.00",Valentin Castellanos,4389d510-dbdc-11ed-af20-acde48001122,78,,Valentin Castellanos,,,ST,New York City FC,Major League Soccer,80,79,70,78,42,80,3000
New York City FC,M,"$900,000.00","$1,076,000.00",Valentin Castellanos,249449c2-dbe3-11ed-af20-acde48001122,70,,Valentin Castellanos,,,ST,New York City FC,Major League Soccer,71,69,60,69,34,71,3500
New York City FC,M,"$900,000.00","$1,076,000.00",Valentin Castellanos,4389d510-dbdc-11ed-af20-acde48001122,78,,Valentin Castellanos,,,ST,New York City FC,Major League Soccer,80,79,70,78,42,80,3500
New York City FC,D,"$700,000.00","$700,000.00",Maxime Chanot,21ec7ec6-dbe1-11ed-af20-acde48001122,72,,Maxime Chanot,,,CB,New York City FC,Major League Soccer,51,49,48,50,71,80,1500
New York City FC,D,"$700,000.00","$700,000.00",Maxime Chanot,21ec7ec6-dbe1-11ed-af20-acde48001122,72,,Maxime Chanot,,,CB,New York City FC,Major League Soccer,51,49,48,50,71,80,2000
New York City FC,D,"$700,000.00","$700,000.00",Maxime Chanot,21ec7ec6-dbe1-11ed-af20-acde48001122,72,,Maxime Chanot,,,CB,New York City FC,Major League Soccer,51,49,48,50,71,80,2500
New York City FC,D,"$700,000.00","$700,000.00",Maxime Chanot,21ec7ec6-dbe1-11ed-af20-acde48001122,72,,Maxime Chanot,,,CB,New York City FC,Major League Soccer,51,49,48,50,71,80,3000
New York City FC,D,"$700,000.00","$700,000.00",Maxime Chanot,21ec7ec6-dbe1-11ed-af20-acde48001122,72,,Maxime Chanot,,,CB,New York City FC,Major League Soccer,51,49,48,50,71,80,3500
Major League Soccer,M,"$300,000.00","$315,000.00",Joe Corona,39f29286-dbe5-11ed-af20-acde48001122,69,,Joe Corona,,,CDM,Houston Dynamo,Major League Soccer,68,59,65,69,68,70,2500
Major League Soccer,M,"$300,000.00","$315,000.00",Joe Corona,39f29286-dbe5-11ed-af20-acde48001122,69,,Joe Corona,,,CDM,Houston Dynamo,Major League Soccer,68,59,65,69,68,70,3000
Major League Soccer,M,"$300,000.00","$315,000.00",Joe Corona,39f29286-dbe5-11ed-af20-acde48001122,69,,Joe Corona,,,CDM,Houston Dynamo,Major League Soccer,68,59,65,69,68,70,3500
Nashville SC,M,"$637,500.00","$637,500.00",Sean Davis,0538be18-dbe4-11ed-af20-acde48001122,69,,Sean Davis,,,CM,Nashville SC,Major League Soccer,70,57,69,69,67,77,500
Nashville SC,M,"$637,500.00","$637,500.00",Sean Davis,0538be18-dbe4-11ed-af20-acde48001122,69,,Sean Davis,,,CM,Nashville SC,Major League Soccer,70,57,69,69,67,77,1000
Nashville SC,M,"$637,500.00","$637,500.00",Sean Davis,0538be18-dbe4-11ed-af20-acde48001122,69,,Sean Davis,,,CM,Nashville SC,Major League Soccer,70,57,69,69,67,77,1500
Nashville SC,M,"$637,500.00","$637,500.00",Sean Davis,0538be18-dbe4-11ed-af20-acde48001122,69,,Sean Davis,,,CM,Nashville SC,Major League Soccer,70,57,69,69,67,77,2000
Nashville SC,M,"$637,500.00","$637,500.00",Sean Davis,0538be18-dbe4-11ed-af20-acde48001122,69,,Sean Davis,,,CM,Nashville SC,Major League Soccer,70,57,69,69,67,77,2500
Nashville SC,M,"$637,500.00","$637,500.00",Sean Davis,0538be18-dbe4-11ed-af20-acde48001122,69,,Sean Davis,,,CM,Nashville SC,Major League Soccer,70,57,69,69,67,77,3000
Nashville SC,M,"$637,500.00","$637,500.00",Sean Davis,0538be18-dbe4-11ed-af20-acde48001122,69,,Sean Davis,,,CM,Nashville SC,Major League Soccer,70,57,69,69,67,77,3500
LA Galaxy,M,"$650,000.00","$726,250.00",Marco Delgado,0e0322ee-dbe5-11ed-af20-acde48001122,69,,Marco Delgado,,,CDM,Toronto FC,Major League Soccer,66,52,61,64,65,72,1000
LA Galaxy,M,"$650,000.00","$726,250.00",Marco Delgado,14f178cc-dbe4-11ed-af20-acde48001122,69,,Marco Delgado,,,CDM,LA Galaxy,Major League Soccer,66,52,61,64,65,72,1000
LA Galaxy,M,"$650,000.00","$726,250.00",Marco Delgado,0e0322ee-dbe5-11ed-af20-acde48001122,69,,Marco Delgado,,,CDM,Toronto FC,Major League Soccer,66,52,61,64,65,72,1500
LA Galaxy,M,"$650,000.00","$726,250.00",Marco Delgado,14f178cc-dbe4-11ed-af20-acde48001122,69,,Marco Delgado,,,CDM,LA Galaxy,Major League Soccer,66,52,61,64,65,72,1500
LA Galaxy,M,"$650,000.00","$726,250.00",Marco Delgado,0e0322ee-dbe5-11ed-af20-acde48001122,69,,Marco Delgado,,,CDM,Toronto FC,Major League Soccer,66,52,61,64,65,72,2000
LA Galaxy,M,"$650,000.00","$726,250.00",Marco Delgado,14f178cc-dbe4-11ed-af20-acde48001122,69,,Marco Delgado,,,CDM,LA Galaxy,Major League Soccer,66,52,61,64,65,72,2000
LA Galaxy,M,"$650,000.00","$726,250.00",Marco Delgado,0e0322ee-dbe5-11ed-af20-acde48001122,69,,Marco Delgado,,,CDM,Toronto FC,Major League Soccer,66,52,61,64,65,72,2500
LA Galaxy,M,"$650,000.00","$726,250.00",Marco Delgado,14f178cc-dbe4-11ed-af20-acde48001122,69,,Marco Delgado,,,CDM,LA Galaxy,Major League Soccer,66,52,61,64,65,72,2500
LA Galaxy,M,"$650,000.00","$726,250.00",Marco Delgado,0e0322ee-dbe5-11ed-af20-acde48001122,69,,Marco Delgado,,,CDM,Toronto FC,Major League Soccer,66,52,61,64,65,72,3000
LA Galaxy,M,"$650,000.00","$726,250.00",Marco Delgado,14f178cc-dbe4-11ed-af20-acde48001122,69,,Marco Delgado,,,CDM,LA Galaxy,Major League Soccer,66,52,61,64,65,72,3000
LA Galaxy,M,"$650,000.00","$726,250.00",Marco Delgado,0e0322ee-dbe5-11ed-af20-acde48001122,69,,Marco Delgado,,,CDM,Toronto FC,Major League Soccer,66,52,61,64,65,72,3500
LA Galaxy,M,"$650,000.00","$726,250.00",Marco Delgado,14f178cc-dbe4-11ed-af20-acde48001122,69,,Marco Delgado,,,CDM,LA Galaxy,Major League Soccer,66,52,61,64,65,72,3500
Minnesota United,D,"$650,000.00","$743,125.00",Bakaye Dibassy,0c2fad14-dbe2-11ed-af20-acde48001122,71,,Bakaye Dibassy,,,CB,Minnesota United,Major League Soccer,71,54,61,67,71,78,500
Minnesota United,D,"$650,000.00","$743,125.00",Bakaye Dibassy,0c2fad14-dbe2-11ed-af20-acde48001122,71,,Bakaye Dibassy,,,CB,Minnesota United,Major League Soccer,71,54,61,67,71,78,1000
Minnesota United,D,"$650,000.00","$743,125.00",Bakaye Dibassy,0c2fad14-dbe2-11ed-af20-acde48001122,71,,Bakaye Dibassy,,,CB,Minnesota United,Major League Soccer,71,54,61,67,71,78,1500
Minnesota United,D,"$650,000.00","$743,125.00",Bakaye Dibassy,0c2fad14-dbe2-11ed-af20-acde48001122,71,,Bakaye Dibassy,,,CB,Minnesota United,Major League Soccer,71,54,61,67,71,78,2000
Minnesota United,D,"$650,000.00","$743,125.00",Bakaye Dibassy,0c2fad14-dbe2-11ed-af20-acde48001122,71,,Bakaye Dibassy,,,CB,Minnesota United,Major League Soccer,71,54,61,67,71,78,2500
Minnesota United,D,"$650,000.00","$743,125.00",Bakaye Dibassy,0c2fad14-dbe2-11ed-af20-acde48001122,71,,Bakaye Dibassy,,,CB,Minnesota United,Major League Soccer,71,54,61,67,71,78,3000
Minnesota United,D,"$650,000.00","$743,125.00",Bakaye Dibassy,0c2fad14-dbe2-11ed-af20-acde48001122,71,,Bakaye Dibassy,,,CB,Minnesota United,Major League Soccer,71,54,61,67,71,78,3500
New York Red Bulls,D,"$268,212.00","$293,610.00",Kyle Duncan,348e5a98-dbe3-11ed-af20-acde48001122,70,,Kyle Duncan,,,RB,Red Bulls,Major League Soccer,91,46,56,67,67,70,2000
New York Red Bulls,D,"$268,212.00","$293,610.00",Kyle Duncan,348e5a98-dbe3-11ed-af20-acde48001122,70,,Kyle Duncan,,,RB,Red Bulls,Major League Soccer,91,46,56,67,67,70,2500
New York Red Bulls,D,"$268,212.00","$293,610.00",Kyle Duncan,348e5a98-dbe3-11ed-af20-acde48001122,70,,Kyle Duncan,,,RB,Red Bulls,Major League Soccer,91,46,56,67,67,70,3000
New York Red Bulls,D,"$268,212.00","$293,610.00",Kyle Duncan,348e5a98-dbe3-11ed-af20-acde48001122,70,,Kyle Duncan,,,RB,Red Bulls,Major League Soccer,91,46,56,67,67,70,3500
Austin FC,M,"$450,000.00","$450,000.00",Diego Fagundez,2fda5b58-dbe5-11ed-af20-acde48001122,69,,Diego Fagundez,,,CAM,Austin FC,Major League Soccer,73,65,68,74,39,61,2000
Austin FC,M,"$450,000.00","$450,000.00",Diego Fagundez,2fda5b58-dbe5-11ed-af20-acde48001122,69,,Diego Fagundez,,,CAM,Austin FC,Major League Soccer,73,65,68,74,39,61,2500
Austin FC,M,"$450,000.00","$450,000.00",Diego Fagundez,2fda5b58-dbe5-11ed-af20-acde48001122,69,,Diego Fagundez,,,CAM,Austin FC,Major League Soccer,73,65,68,74,39,61,3000
Austin FC,M,"$450,000.00","$450,000.00",Diego Fagundez,2fda5b58-dbe5-11ed-af20-acde48001122,69,,Diego Fagundez,,,CAM,Austin FC,Major League Soccer,73,65,68,74,39,61,3500
New England Revolution,D,"$425,000.00","$443,750.00",Andrew Farrell,028311c2-dbe5-11ed-af20-acde48001122,69,,Andrew Farrell,,,CB,New England,Major League Soccer,75,48,62,66,68,81,500
New England Revolution,D,"$425,000.00","$443,750.00",Andrew Farrell,028311c2-dbe5-11ed-af20-acde48001122,69,,Andrew Farrell,,,CB,New England,Major League Soccer,75,48,62,66,68,81,1000
New England Revolution,D,"$425,000.00","$443,750.00",Andrew Farrell,028311c2-dbe5-11ed-af20-acde48001122,69,,Andrew Farrell,,,CB,New England,Major League Soccer,75,48,62,66,68,81,1500
New England Revolution,D,"$425,000.00","$443,750.00",Andrew Farrell,028311c2-dbe5-11ed-af20-acde48001122,69,,Andrew Farrell,,,CB,New England,Major League Soccer,75,48,62,66,68,81,2000
New England Revolution,D,"$425,000.00","$443,750.00",Andrew Farrell,028311c2-dbe5-11ed-af20-acde48001122,69,,Andrew Farrell,,,CB,New England,Major League Soccer,75,48,62,66,68,81,2500
New England Revolution,D,"$425,000.00","$443,750.00",Andrew Farrell,028311c2-dbe5-11ed-af20-acde48001122,69,,Andrew Farrell,,,CB,New England,Major League Soccer,75,48,62,66,68,81,3000
New England Revolution,D,"$425,000.00","$443,750.00",Andrew Farrell,028311c2-dbe5-11ed-af20-acde48001122,69,,Andrew Farrell,,,CB,New England,Major League Soccer,75,48,62,66,68,81,3500
Minnesota United,M-F,"$249,996.00","$257,496.00",Franco Fragapane,1551b240-dbe0-11ed-af20-acde48001122,73,,Franco Fragapane,,,LM,Minnesota United,Major League Soccer,88,67,68,77,36,54,1000
Minnesota United,M-F,"$249,996.00","$257,496.00",Franco Fragapane,1551b240-dbe0-11ed-af20-acde48001122,73,,Franco Fragapane,,,LM,Minnesota United,Major League Soccer,88,67,68,77,36,54,1500
Minnesota United,M-F,"$249,996.00","$257,496.00",Franco Fragapane,1551b240-dbe0-11ed-af20-acde48001122,73,,Franco Fragapane,,,LM,Minnesota United,Major League Soccer,88,67,68,77,36,54,2000
Minnesota United,M-F,"$249,996.00","$257,496.00",Franco Fragapane,1551b240-dbe0-11ed-af20-acde48001122,73,,Franco Fragapane,,,LM,Minnesota United,Major League Soccer,88,67,68,77,36,54,2500
Minnesota United,M-F,"$249,996.00","$257,496.00",Franco Fragapane,1551b240-dbe0-11ed-af20-acde48001122,73,,Franco Fragapane,,,LM,Minnesota United,Major League Soccer,88,67,68,77,36,54,3000
Minnesota United,M-F,"$249,996.00","$257,496.00",Franco Fragapane,1551b240-dbe0-11ed-af20-acde48001122,73,,Franco Fragapane,,,LM,Minnesota United,Major League Soccer,88,67,68,77,36,54,3500
Vancouver Whitecaps,M,"$2,160,000.00","$2,265,000.00",Ryan Gauld,3abbabdc-dbde-11ed-af20-acde48001122,75,,Ryan Gauld,,,CAM,Whitecaps FC,Major League Soccer,80,65,75,80,46,50,2500
Vancouver Whitecaps,M,"$2,160,000.00","$2,265,000.00",Ryan Gauld,3abbabdc-dbde-11ed-af20-acde48001122,75,,Ryan Gauld,,,CAM,Whitecaps FC,Major League Soccer,80,65,75,80,46,50,3000
Vancouver Whitecaps,M,"$2,160,000.00","$2,265,000.00",Ryan Gauld,3abbabdc-dbde-11ed-af20-acde48001122,75,,Ryan Gauld,,,CAM,Whitecaps FC,Major League Soccer,80,65,75,80,46,50,3500
New England Revolution,D,"$425,000.00","$450,000.00",Omar Gonzalez,1a3fdaf8-dbe4-11ed-af20-acde48001122,69,,Omar Gonzalez,,,CB,New England,Major League Soccer,36,36,49,44,67,83,1500
New England Revolution,D,"$425,000.00","$450,000.00",Omar Gonzalez,1a3fdaf8-dbe4-11ed-af20-acde48001122,69,,Omar Gonzalez,,,CB,New England,Major League Soccer,36,36,49,44,67,83,2000
New England Revolution,D,"$425,000.00","$450,000.00",Omar Gonzalez,1a3fdaf8-dbe4-11ed-af20-acde48001122,69,,Omar Gonzalez,,,CB,New England,Major League Soccer,36,36,49,44,67,83,2500
New England Revolution,D,"$425,000.00","$450,000.00",Omar Gonzalez,1a3fdaf8-dbe4-11ed-af20-acde48001122,69,,Omar Gonzalez,,,CB,New England,Major League Soccer,36,36,49,44,67,83,3000
New England Revolution,D,"$425,000.00","$450,000.00",Omar Gonzalez,4c6438d4-dbe5-11ed-af20-acde48001122,69,,Omar Gonzalez,,,CB,Toronto FC,Major League Soccer,36,36,49,44,67,83,3000
New England Revolution,D,"$425,000.00","$450,000.00",Omar Gonzalez,1a3fdaf8-dbe4-11ed-af20-acde48001122,69,,Omar Gonzalez,,,CB,New England,Major League Soccer,36,36,49,44,67,83,3500
New England Revolution,D,"$425,000.00","$450,000.00",Omar Gonzalez,4c6438d4-dbe5-11ed-af20-acde48001122,69,,Omar Gonzalez,,,CB,Toronto FC,Major League Soccer,36,36,49,44,67,83,3500
LA Galaxy,F-M,"$900,000.00","$988,427.00",Samuel Grandsir,10f37bb4-dbe2-11ed-af20-acde48001122,71,,Samuel Grandsir,,,LM,LA Galaxy,Major League Soccer,86,60,68,74,44,66,1000
LA Galaxy,F-M,"$900,000.00","$988,427.00",Samuel Grandsir,10f37bb4-dbe2-11ed-af20-acde48001122,71,,Samuel Grandsir,,,LM,LA Galaxy,Major League Soccer,86,60,68,74,44,66,1500
LA Galaxy,F-M,"$900,000.00","$988,427.00",Samuel Grandsir,10f37bb4-dbe2-11ed-af20-acde48001122,71,,Samuel Grandsir,,,LM,LA Galaxy,Major League Soccer,86,60,68,74,44,66,2000
LA Galaxy,F-M,"$900,000.00","$988,427.00",Samuel Grandsir,10f37bb4-dbe2-11ed-af20-acde48001122,71,,Samuel Grandsir,,,LM,LA Galaxy,Major League Soccer,86,60,68,74,44,66,2500
LA Galaxy,F-M,"$900,000.00","$988,427.00",Samuel Grandsir,10f37bb4-dbe2-11ed-af20-acde48001122,71,,Samuel Grandsir,,,LM,LA Galaxy,Major League Soccer,86,60,68,74,44,66,3000
LA Galaxy,F-M,"$900,000.00","$988,427.00",Samuel Grandsir,10f37bb4-dbe2-11ed-af20-acde48001122,71,,Samuel Grandsir,,,LM,LA Galaxy,Major League Soccer,86,60,68,74,44,66,3500
FC Dallas,D,"$900,000.00","$900,000.00",Matt Hedges,366cc1bc-dbe1-11ed-af20-acde48001122,72,,Matt Hedges,,,CB,FC Dallas,Major League Soccer,44,28,51,53,71,86,2500
FC Dallas,D,"$900,000.00","$900,000.00",Matt Hedges,366cc1bc-dbe1-11ed-af20-acde48001122,72,,Matt Hedges,,,CB,FC Dallas,Major League Soccer,44,28,51,53,71,86,3000
FC Dallas,D,"$900,000.00","$900,000.00",Matt Hedges,366cc1bc-dbe1-11ed-af20-acde48001122,72,,Matt Hedges,,,CB,FC Dallas,Major League Soccer,44,28,51,53,71,86,3500
LAFC,D,"$393,750.00","$393,750.00",Ryan Hollingshead,08b953c0-dbe1-11ed-af20-acde48001122,72,,Ryan Hollingshead,,,LB,FC Dallas,Major League Soccer,58,63,66,69,70,78,500
LAFC,D,"$393,750.00","$393,750.00",Ryan Hollingshead,08b953c0-dbe1-11ed-af20-acde48001122,72,,Ryan Hollingshead,,,LB,FC Dallas,Major League Soccer,58,63,66,69,70,78,1000
LAFC,D,"$393,750.00","$393,750.00",Ryan Hollingshead,08b953c0-dbe1-11ed-af20-acde48001122,72,,Ryan Hollingshead,,,LB,FC Dallas,Major League Soccer,58,63,66,69,70,78,1500
LAFC,D,"$393,750.00","$393,750.00",Ryan Hollingshead,08b953c0-dbe1-11ed-af20-acde48001122,72,,Ryan Hollingshead,,,LB,FC Dallas,Major League Soccer,58,63,66,69,70,78,2000
LAFC,D,"$393,750.00","$393,750.00",Ryan Hollingshead,08b953c0-dbe1-11ed-af20-acde48001122,72,,Ryan Hollingshead,,,LB,FC Dallas,Major League Soccer,58,63,66,69,70,78,2500
LAFC,D,"$393,750.00","$393,750.00",Ryan Hollingshead,08b953c0-dbe1-11ed-af20-acde48001122,72,,Ryan Hollingshead,,,LB,FC Dallas,Major League Soccer,58,63,66,69,70,78,3000
LAFC,D,"$393,750.00","$393,750.00",Ryan Hollingshead,08b953c0-dbe1-11ed-af20-acde48001122,72,,Ryan Hollingshead,,,LB,FC Dallas,Major League Soccer,58,63,66,69,70,78,3500
Orlando City SC,D,"$525,000.00","$581,250.00",Robin Jansson,228bca4a-dbe5-11ed-af20-acde48001122,69,,Robin Jansson,,,CB,Orlando City,Major League Soccer,47,28,53,59,70,73,1500
Orlando City SC,D,"$525,000.00","$581,250.00",Robin Jansson,228bca4a-dbe5-11ed-af20-acde48001122,69,,Robin Jansson,,,CB,Orlando City,Major League Soccer,47,28,53,59,70,73,2000
Orlando City SC,D,"$525,000.00","$581,250.00",Robin Jansson,228bca4a-dbe5-11ed-af20-acde48001122,69,,Robin Jansson,,,CB,Orlando City,Major League Soccer,47,28,53,59,70,73,2500
Orlando City SC,D,"$525,000.00","$581,250.00",Robin Jansson,228bca4a-dbe5-11ed-af20-acde48001122,69,,Robin Jansson,,,CB,Orlando City,Major League Soccer,47,28,53,59,70,73,3000
Orlando City SC,D,"$525,000.00","$581,250.00",Robin Jansson,228bca4a-dbe5-11ed-af20-acde48001122,69,,Robin Jansson,,,CB,Orlando City,Major League Soccer,47,28,53,59,70,73,3500
FC Dallas,F,"$2,540,000.00","$3,227,000.00",Franco Jara,574e402c-dbe1-11ed-af20-acde48001122,72,,Franco Jara,,,ST,FC Dallas,Major League Soccer,74,73,67,72,30,73,3500
Charlotte FC,M,"$185,000.00","$207,969.00",Derrick Jones,01776d52-dbe8-11ed-af20-acde48001122,67,,Derrick Jones,,,CDM,Houston Dynamo,Major League Soccer,70,51,59,61,62,81,500
Charlotte FC,M,"$185,000.00","$207,969.00",Derrick Jones,01776d52-dbe8-11ed-af20-acde48001122,67,,Derrick Jones,,,CDM,Houston Dynamo,Major League Soccer,70,51,59,61,62,81,1000
Charlotte FC,M,"$185,000.00","$207,969.00",Derrick Jones,01776d52-dbe8-11ed-af20-acde48001122,67,,Derrick Jones,,,CDM,Houston Dynamo,Major League Soccer,70,51,59,61,62,81,1500
Charlotte FC,M,"$185,000.00","$207,969.00",Derrick Jones,01776d52-dbe8-11ed-af20-acde48001122,67,,Derrick Jones,,,CDM,Houston Dynamo,Major League Soccer,70,51,59,61,62,81,2000
Charlotte FC,M,"$185,000.00","$207,969.00",Derrick Jones,01776d52-dbe8-11ed-af20-acde48001122,67,,Derrick Jones,,,CDM,Houston Dynamo,Major League Soccer,70,51,59,61,62,81,2500
Charlotte FC,M,"$185,000.00","$207,969.00",Derrick Jones,01776d52-dbe8-11ed-af20-acde48001122,67,,Derrick Jones,,,CDM,Houston Dynamo,Major League Soccer,70,51,59,61,62,81,3000
Charlotte FC,M,"$185,000.00","$207,969.00",Derrick Jones,01776d52-dbe8-11ed-af20-acde48001122,67,,Derrick Jones,,,CDM,Houston Dynamo,Major League Soccer,70,51,59,61,62,81,3500
DC United,F,"$1,500,000.00","$1,520,000.00",Ola Kamara,0f072b8a-dbdc-11ed-af20-acde48001122,79,,Ola Kamara,,,ST,D.C. United,Major League Soccer,80,82,67,78,38,85,1000
DC United,F,"$1,500,000.00","$1,520,000.00",Ola Kamara,0f072b8a-dbdc-11ed-af20-acde48001122,79,,Ola Kamara,,,ST,D.C. United,Major League Soccer,80,82,67,78,38,85,1500
DC United,F,"$1,500,000.00","$1,520,000.00",Ola Kamara,0f072b8a-dbdc-11ed-af20-acde48001122,79,,Ola Kamara,,,ST,D.C. United,Major League Soccer,80,82,67,78,38,85,2000
DC United,F,"$1,500,000.00","$1,520,000.00",Ola Kamara,0f072b8a-dbdc-11ed-af20-acde48001122,79,,Ola Kamara,,,ST,D.C. United,Major League Soccer,80,82,67,78,38,85,2500
DC United,F,"$1,500,000.00","$1,520,000.00",Ola Kamara,0f072b8a-dbdc-11ed-af20-acde48001122,79,,Ola Kamara,,,ST,D.C. United,Major League Soccer,80,82,67,78,38,85,3000
DC United,F,"$1,500,000.00","$1,520,000.00",Ola Kamara,0f072b8a-dbdc-11ed-af20-acde48001122,79,,Ola Kamara,,,ST,D.C. United,Major League Soccer,80,82,67,78,38,85,3500
Real Salt Lake,M,"$1,762,572.00","$1,762,572.00",Damir Kreilach,1c40ae18-dbdf-11ed-af20-acde48001122,74,,Damir Kreilach,,,ST,Real Salt Lake,Major League Soccer,44,75,70,72,65,85,1500
Real Salt Lake,M,"$1,762,572.00","$1,762,572.00",Damir Kreilach,1c40ae18-dbdf-11ed-af20-acde48001122,74,,Damir Kreilach,,,ST,Real Salt Lake,Major League Soccer,44,75,70,72,65,85,2000
Real Salt Lake,M,"$1,762,572.00","$1,762,572.00",Damir Kreilach,1c40ae18-dbdf-11ed-af20-acde48001122,74,,Damir Kreilach,,,ST,Real Salt Lake,Major League Soccer,44,75,70,72,65,85,2500
Real Salt Lake,M,"$1,762,572.00","$1,762,572.00",Damir Kreilach,1c40ae18-dbdf-11ed-af20-acde48001122,74,,Damir Kreilach,,,ST,Real Salt Lake,Major League Soccer,44,75,70,72,65,85,3000
Real Salt Lake,M,"$1,762,572.00","$1,762,572.00",Damir Kreilach,1c40ae18-dbdf-11ed-af20-acde48001122,74,,Damir Kreilach,,,ST,Real Salt Lake,Major League Soccer,44,75,70,72,65,85,3500
CF Montreal,M,"$510,000.00","$540,000.00",Lassi Lappalainen,0d1d7d04-dbe8-11ed-af20-acde48001122,67,,Lassi Lappalainen,,,LM,CF Montréal,Major League Soccer,88,63,57,67,43,58,1000
CF Montreal,M,"$510,000.00","$540,000.00",Lassi Lappalainen,0d1d7d04-dbe8-11ed-af20-acde48001122,67,,Lassi Lappalainen,,,LM,CF Montréal,Major League Soccer,88,63,57,67,43,58,1500
CF Montreal,M,"$510,000.00","$540,000.00",Lassi Lappalainen,0d1d7d04-dbe8-11ed-af20-acde48001122,67,,Lassi Lappalainen,,,LM,CF Montréal,Major League Soccer,88,63,57,67,43,58,2000
CF Montreal,M,"$510,000.00","$540,000.00",Lassi Lappalainen,0d1d7d04-dbe8-11ed-af20-acde48001122,67,,Lassi Lappalainen,,,LM,CF Montréal,Major League Soccer,88,63,57,67,43,58,2500
CF Montreal,M,"$510,000.00","$540,000.00",Lassi Lappalainen,0d1d7d04-dbe8-11ed-af20-acde48001122,67,,Lassi Lappalainen,,,LM,CF Montréal,Major League Soccer,88,63,57,67,43,58,3000
CF Montreal,M,"$510,000.00","$540,000.00",Lassi Lappalainen,0d1d7d04-dbe8-11ed-af20-acde48001122,67,,Lassi Lappalainen,,,LM,CF Montréal,Major League Soccer,88,63,57,67,43,58,3500
Toronto FC,M,"$1,170,402.00","$1,276,745.00",Richie Laryea,2046c788-dbe2-11ed-af20-acde48001122,71,,Richie Laryea,,,RB,Toronto FC,Major League Soccer,81,60,64,71,63,71,1500
Toronto FC,M,"$1,170,402.00","$1,276,745.00",Richie Laryea,2046c788-dbe2-11ed-af20-acde48001122,71,,Richie Laryea,,,RB,Toronto FC,Major League Soccer,81,60,64,71,63,71,2000
Toronto FC,M,"$1,170,402.00","$1,276,745.00",Richie Laryea,2046c788-dbe2-11ed-af20-acde48001122,71,,Richie Laryea,,,RB,Toronto FC,Major League Soccer,81,60,64,71,63,71,2500
Toronto FC,M,"$1,170,402.00","$1,276,745.00",Richie Laryea,2046c788-dbe2-11ed-af20-acde48001122,71,,Richie Laryea,,,RB,Toronto FC,Major League Soccer,81,60,64,71,63,71,3000
Toronto FC,M,"$1,170,402.00","$1,276,745.00",Richie Laryea,2046c788-dbe2-11ed-af20-acde48001122,71,,Richie Laryea,,,RB,Toronto FC,Major League Soccer,81,60,64,71,63,71,3500
Minnesota United,D,"$400,000.00","$482,500.00",Kemar Lawrence,0c432e94-dbe1-11ed-af20-acde48001122,72,,Kemar Lawrence,,,LB,Toronto FC,Major League Soccer,85,48,62,66,68,76,500
Minnesota United,D,"$400,000.00","$482,500.00",Kemar Lawrence,0c432e94-dbe1-11ed-af20-acde48001122,72,,Kemar Lawrence,,,LB,Toronto FC,Major League Soccer,85,48,62,66,68,76,1000
Minnesota United,D,"$400,000.00","$482,500.00",Kemar Lawrence,0c432e94-dbe1-11ed-af20-acde48001122,72,,Kemar Lawrence,,,LB,Toronto FC,Major League Soccer,85,48,62,66,68,76,1500
Minnesota United,D,"$400,000.00","$482,500.00",Kemar Lawrence,0c432e94-dbe1-11ed-af20-acde48001122,72,,Kemar Lawrence,,,LB,Toronto FC,Major League Soccer,85,48,62,66,68,76,2000
Minnesota United,D,"$400,000.00","$482,500.00",Kemar Lawrence,0c432e94-dbe1-11ed-af20-acde48001122,72,,Kemar Lawrence,,,LB,Toronto FC,Major League Soccer,85,48,62,66,68,76,2500
Minnesota United,D,"$400,000.00","$482,500.00",Kemar Lawrence,0c432e94-dbe1-11ed-af20-acde48001122,72,,Kemar Lawrence,,,LB,Toronto FC,Major League Soccer,85,48,62,66,68,76,3000
Minnesota United,D,"$400,000.00","$482,500.00",Kemar Lawrence,0c432e94-dbe1-11ed-af20-acde48001122,72,,Kemar Lawrence,,,LB,Toronto FC,Major League Soccer,85,48,62,66,68,76,3500
Nashville SC,F-M,"$850,000.00","$965,000.00",Randall Leal,51f9ed4a-dbe3-11ed-af20-acde48001122,70,,Randall Leal,,,LM,Nashville SC,Major League Soccer,68,63,68,73,38,50,3500
LA Galaxy,D,"$300,000.00","$335,000.00",Kelvin Leerdam,18fa0ff6-dbe4-11ed-af20-acde48001122,69,,Kelvin Leerdam,,,RB,LA Galaxy,Major League Soccer,70,57,64,68,65,75,1000
LA Galaxy,D,"$300,000.00","$335,000.00",Kelvin Leerdam,18fa0ff6-dbe4-11ed-af20-acde48001122,69,,Kelvin Leerdam,,,RB,LA Galaxy,Major League Soccer,70,57,64,68,65,75,1500
LA Galaxy,D,"$300,000.00","$335,000.00",Kelvin Leerdam,18fa0ff6-dbe4-11ed-af20-acde48001122,69,,Kelvin Leerdam,,,RB,LA Galaxy,Major League Soccer,70,57,64,68,65,75,2000
LA Galaxy,D,"$300,000.00","$335,000.00",Kelvin Leerdam,18fa0ff6-dbe4-11ed-af20-acde48001122,69,,Kelvin Leerdam,,,RB,LA Galaxy,Major League Soccer,70,57,64,68,65,75,2500
LA Galaxy,D,"$300,000.00","$335,000.00",Kelvin Leerdam,18fa0ff6-dbe4-11ed-af20-acde48001122,69,,Kelvin Leerdam,,,RB,LA Galaxy,Major League Soccer,70,57,64,68,65,75,3000
LA Galaxy,D,"$300,000.00","$335,000.00",Kelvin Leerdam,465397f0-dbe5-11ed-af20-acde48001122,69,,Kelvin Leerdam,,,RB,Inter Miami CF,Major League Soccer,70,57,64,68,65,75,3000
LA Galaxy,D,"$300,000.00","$335,000.00",Kelvin Leerdam,18fa0ff6-dbe4-11ed-af20-acde48001122,69,,Kelvin Leerdam,,,RB,LA Galaxy,Major League Soccer,70,57,64,68,65,75,3500
LA Galaxy,D,"$300,000.00","$335,000.00",Kelvin Leerdam,465397f0-dbe5-11ed-af20-acde48001122,69,,Kelvin Leerdam,,,RB,Inter Miami CF,Major League Soccer,70,57,64,68,65,75,3500
Atlanta United,D,"$500,000.00","$500,000.00",Brooks Lennon,1fd49592-dbe6-11ed-af20-acde48001122,68,,Brooks Lennon,,,RM,Atlanta United,Major League Soccer,72,61,67,64,61,71,1500
Atlanta United,D,"$500,000.00","$500,000.00",Brooks Lennon,1fd49592-dbe6-11ed-af20-acde48001122,68,,Brooks Lennon,,,RM,Atlanta United,Major League Soccer,72,61,67,64,61,71,2000
Atlanta United,D,"$500,000.00","$500,000.00",Brooks Lennon,1fd49592-dbe6-11ed-af20-acde48001122,68,,Brooks Lennon,,,RM,Atlanta United,Major League Soccer,72,61,67,64,61,71,2500
Atlanta United,D,"$500,000.00","$500,000.00",Brooks Lennon,1fd49592-dbe6-11ed-af20-acde48001122,68,,Brooks Lennon,,,RM,Atlanta United,Major League Soccer,72,61,67,64,61,71,3000
Atlanta United,D,"$500,000.00","$500,000.00",Brooks Lennon,1fd49592-dbe6-11ed-af20-acde48001122,68,,Brooks Lennon,,,RM,Atlanta United,Major League Soccer,72,61,67,64,61,71,3500
FC Dallas,M,"$900,000.00","$1,023,750.00",Sebastian Lletget,167b2738-dbda-11ed-af20-acde48001122,85,,Sebastian Lletget,,,CM,New England,Major League Soccer,81,74,81,84,84,85,1000
FC Dallas,M,"$900,000.00","$1,023,750.00",Sebastian Lletget,167b2738-dbda-11ed-af20-acde48001122,85,,Sebastian Lletget,,,CM,New England,Major League Soccer,81,74,81,84,84,85,1500
FC Dallas,M,"$900,000.00","$1,023,750.00",Sebastian Lletget,167b2738-dbda-11ed-af20-acde48001122,85,,Sebastian Lletget,,,CM,New England,Major League Soccer,81,74,81,84,84,85,2000
FC Dallas,M,"$900,000.00","$1,023,750.00",Sebastian Lletget,167b2738-dbda-11ed-af20-acde48001122,85,,Sebastian Lletget,,,CM,New England,Major League Soccer,81,74,81,84,84,85,2500
FC Dallas,M,"$900,000.00","$1,023,750.00",Sebastian Lletget,167b2738-dbda-11ed-af20-acde48001122,85,,Sebastian Lletget,,,CM,New England,Major League Soccer,81,74,81,84,84,85,3000
FC Dallas,M,"$900,000.00","$1,023,750.00",Sebastian Lletget,167b2738-dbda-11ed-af20-acde48001122,85,,Sebastian Lletget,,,CM,New England,Major League Soccer,81,74,81,84,84,85,3500
Minnesota United,M-F,"$849,996.00","$952,496.00",Robin Lod,0919c52a-dbdc-11ed-af20-acde48001122,79,,Robin Lod,,,CM,Minnesota United,Major League Soccer,78,78,77,79,60,76,500
Minnesota United,M-F,"$849,996.00","$952,496.00",Robin Lod,0919c52a-dbdc-11ed-af20-acde48001122,79,,Robin Lod,,,CM,Minnesota United,Major League Soccer,78,78,77,79,60,76,1000
Minnesota United,M-F,"$849,996.00","$952,496.00",Robin Lod,0919c52a-dbdc-11ed-af20-acde48001122,79,,Robin Lod,,,CM,Minnesota United,Major League Soccer,78,78,77,79,60,76,1500
Minnesota United,M-F,"$849,996.00","$952,496.00",Robin Lod,0919c52a-dbdc-11ed-af20-acde48001122,79,,Robin Lod,,,CM,Minnesota United,Major League Soccer,78,78,77,79,60,76,2000
Minnesota United,M-F,"$849,996.00","$952,496.00",Robin Lod,0919c52a-dbdc-11ed-af20-acde48001122,79,,Robin Lod,,,CM,Minnesota United,Major League Soccer,78,78,77,79,60,76,2500
Minnesota United,M-F,"$849,996.00","$952,496.00",Robin Lod,0919c52a-dbdc-11ed-af20-acde48001122,79,,Robin Lod,,,CM,Minnesota United,Major League Soccer,78,78,77,79,60,76,3000
Minnesota United,M-F,"$849,996.00","$952,496.00",Robin Lod,0919c52a-dbdc-11ed-af20-acde48001122,79,,Robin Lod,,,CM,Minnesota United,Major League Soccer,78,78,77,79,60,76,3500
New York Red Bulls,D,"$1,050,000.00","$1,080,000.00",Aaron Long,12ed7b08-dbde-11ed-af20-acde48001122,75,,Aaron Long,,,CB,Red Bulls,Major League Soccer,80,40,56,64,74,83,1000
New York Red Bulls,D,"$1,050,000.00","$1,080,000.00",Aaron Long,12ed7b08-dbde-11ed-af20-acde48001122,75,,Aaron Long,,,CB,Red Bulls,Major League Soccer,80,40,56,64,74,83,1500
New York Red Bulls,D,"$1,050,000.00","$1,080,000.00",Aaron Long,12ed7b08-dbde-11ed-af20-acde48001122,75,,Aaron Long,,,CB,Red Bulls,Major League Soccer,80,40,56,64,74,83,2000
New York Red Bulls,D,"$1,050,000.00","$1,080,000.00",Aaron Long,12ed7b08-dbde-11ed-af20-acde48001122,75,,Aaron Long,,,CB,Red Bulls,Major League Soccer,80,40,56,64,74,83,2500
New York Red Bulls,D,"$1,050,000.00","$1,080,000.00",Aaron Long,12ed7b08-dbde-11ed-af20-acde48001122,75,,Aaron Long,,,CB,Red Bulls,Major League Soccer,80,40,56,64,74,83,3000
New York Red Bulls,D,"$1,050,000.00","$1,080,000.00",Aaron Long,12ed7b08-dbde-11ed-af20-acde48001122,75,,Aaron Long,,,CB,Red Bulls,Major League Soccer,80,40,56,64,74,83,3500
FC Cincinnati,D,"$750,000.00","$806,875.00",Ronald Matarrita,1f057072-dbe2-11ed-af20-acde48001122,71,,Ronald Matarrita,,,LB,FC Cincinnati,Major League Soccer,78,49,65,69,67,70,1500
FC Cincinnati,D,"$750,000.00","$806,875.00",Ronald Matarrita,1f057072-dbe2-11ed-af20-acde48001122,71,,Ronald Matarrita,,,LB,FC Cincinnati,Major League Soccer,78,49,65,69,67,70,2000
FC Cincinnati,D,"$750,000.00","$806,875.00",Ronald Matarrita,1f057072-dbe2-11ed-af20-acde48001122,71,,Ronald Matarrita,,,LB,FC Cincinnati,Major League Soccer,78,49,65,69,67,70,2500
FC Cincinnati,D,"$750,000.00","$806,875.00",Ronald Matarrita,1f057072-dbe2-11ed-af20-acde48001122,71,,Ronald Matarrita,,,LB,FC Cincinnati,Major League Soccer,78,49,65,69,67,70,3000
FC Cincinnati,D,"$750,000.00","$806,875.00",Ronald Matarrita,1f057072-dbe2-11ed-af20-acde48001122,71,,Ronald Matarrita,,,LB,FC Cincinnati,Major League Soccer,78,49,65,69,67,70,3500
Inter Miami,M,"$1,500,000.00","$1,500,000.00",Blaise Matuidi,33f9a260-dbdc-11ed-af20-acde48001122,79,,Blaise Matuidi,,,CDM,Inter Miami CF,Major League Soccer,73,65,72,76,77,79,2000
Inter Miami,M,"$1,500,000.00","$1,500,000.00",Blaise Matuidi,33f9a260-dbdc-11ed-af20-acde48001122,79,,Blaise Matuidi,,,CDM,Inter Miami CF,Major League Soccer,73,65,72,76,77,79,2500
Inter Miami,M,"$1,500,000.00","$1,500,000.00",Blaise Matuidi,33f9a260-dbdc-11ed-af20-acde48001122,79,,Blaise Matuidi,,,CDM,Inter Miami CF,Major League Soccer,73,65,72,76,77,79,3000
Inter Miami,M,"$1,500,000.00","$1,500,000.00",Blaise Matuidi,33f9a260-dbdc-11ed-af20-acde48001122,79,,Blaise Matuidi,,,CDM,Inter Miami CF,Major League Soccer,73,65,72,76,77,79,3500
Columbus Crew,D,"$1,000,000.00","$1,140,667.00",Jonathan Mensah,550b8ff4-dbe1-11ed-af20-acde48001122,72,,Jonathan Mensah,,,CB,Columbus Crew,Major League Soccer,63,46,56,55,71,81,3500
New York City FC,M,"$600,000.00","$662,250.00",Alfredo Morales,47212930-dbe1-11ed-af20-acde48001122,72,,Alfredo Morales,,,CDM,New York City FC,Major League Soccer,60,58,67,67,66,80,3000
New York City FC,M,"$600,000.00","$662,250.00",Alfredo Morales,47212930-dbe1-11ed-af20-acde48001122,72,,Alfredo Morales,,,CDM,New York City FC,Major League Soccer,60,58,67,67,66,80,3500
Portland Timbers,F,"$300,000.00","$344,576.00",Santiago Moreno,45e126a8-dbe4-11ed-af20-acde48001122,69,,Santiago Moreno,,,LM,Portland Timbers,Major League Soccer,81,57,60,70,47,65,3000
Portland Timbers,F,"$300,000.00","$344,576.00",Santiago Moreno,45e126a8-dbe4-11ed-af20-acde48001122,69,,Santiago Moreno,,,LM,Portland Timbers,Major League Soccer,81,57,60,70,47,65,3500
Atlanta United,F-M,"$460,000.00","$568,333.00",Marcelino Moreno,17935ab4-dbda-11ed-af20-acde48001122,85,,Marcelino Moreno,,,CM,Atlanta United,Major League Soccer,93,83,85,90,71,75,1000
Atlanta United,F-M,"$460,000.00","$568,333.00",Marcelino Moreno,17935ab4-dbda-11ed-af20-acde48001122,85,,Marcelino Moreno,,,CM,Atlanta United,Major League Soccer,93,83,85,90,71,75,1500
Atlanta United,F-M,"$460,000.00","$568,333.00",Marcelino Moreno,17935ab4-dbda-11ed-af20-acde48001122,85,,Marcelino Moreno,,,CM,Atlanta United,Major League Soccer,93,83,85,90,71,75,2000
Atlanta United,F-M,"$460,000.00","$568,333.00",Marcelino Moreno,17935ab4-dbda-11ed-af20-acde48001122,85,,Marcelino Moreno,,,CM,Atlanta United,Major League Soccer,93,83,85,90,71,75,2500
Atlanta United,F-M,"$460,000.00","$568,333.00",Marcelino Moreno,17935ab4-dbda-11ed-af20-acde48001122,85,,Marcelino Moreno,,,CM,Atlanta United,Major League Soccer,93,83,85,90,71,75,3000
Atlanta United,F-M,"$460,000.00","$568,333.00",Marcelino Moreno,17935ab4-dbda-11ed-af20-acde48001122,85,,Marcelino Moreno,,,CM,Atlanta United,Major League Soccer,93,83,85,90,71,75,3500
New York Red Bulls,M-F,"$650,000.00","$653,125.00",Lewis Morgan,03ba3308-dbe1-11ed-af20-acde48001122,72,,Lewis Morgan,,,RM,Inter Miami CF,Major League Soccer,84,65,69,72,52,64,500
New York Red Bulls,M-F,"$650,000.00","$653,125.00",Lewis Morgan,03ba3308-dbe1-11ed-af20-acde48001122,72,,Lewis Morgan,,,RM,Inter Miami CF,Major League Soccer,84,65,69,72,52,64,1000
New York Red Bulls,M-F,"$650,000.00","$653,125.00",Lewis Morgan,03ba3308-dbe1-11ed-af20-acde48001122,72,,Lewis Morgan,,,RM,Inter Miami CF,Major League Soccer,84,65,69,72,52,64,1500
New York Red Bulls,M-F,"$650,000.00","$653,125.00",Lewis Morgan,03ba3308-dbe1-11ed-af20-acde48001122,72,,Lewis Morgan,,,RM,Inter Miami CF,Major League Soccer,84,65,69,72,52,64,2000
New York Red Bulls,M-F,"$650,000.00","$653,125.00",Lewis Morgan,03ba3308-dbe1-11ed-af20-acde48001122,72,,Lewis Morgan,,,RM,Inter Miami CF,Major League Soccer,84,65,69,72,52,64,2500
New York Red Bulls,M-F,"$650,000.00","$653,125.00",Lewis Morgan,03ba3308-dbe1-11ed-af20-acde48001122,72,,Lewis Morgan,,,RM,Inter Miami CF,Major League Soccer,84,65,69,72,52,64,3000
New York Red Bulls,M-F,"$650,000.00","$653,125.00",Lewis Morgan,03ba3308-dbe1-11ed-af20-acde48001122,72,,Lewis Morgan,,,RM,Inter Miami CF,Major League Soccer,84,65,69,72,52,64,3500
Seattle Sounders FC,F,"$1,250,000.00","$1,370,100.00",Jordan Morris,01061db8-dbdf-11ed-af20-acde48001122,74,,Jordan Morris,,,LM,Sounders FC,Major League Soccer,89,70,68,73,38,81,500
Seattle Sounders FC,F,"$1,250,000.00","$1,370,100.00",Jordan Morris,01061db8-dbdf-11ed-af20-acde48001122,74,,Jordan Morris,,,LM,Sounders FC,Major League Soccer,89,70,68,73,38,81,1000
Seattle Sounders FC,F,"$1,250,000.00","$1,370,100.00",Jordan Morris,01061db8-dbdf-11ed-af20-acde48001122,74,,Jordan Morris,,,LM,Sounders FC,Major League Soccer,89,70,68,73,38,81,1500
Seattle Sounders FC,F,"$1,250,000.00","$1,370,100.00",Jordan Morris,01061db8-dbdf-11ed-af20-acde48001122,74,,Jordan Morris,,,LM,Sounders FC,Major League Soccer,89,70,68,73,38,81,2000
Seattle Sounders FC,F,"$1,250,000.00","$1,370,100.00",Jordan Morris,01061db8-dbdf-11ed-af20-acde48001122,74,,Jordan Morris,,,LM,Sounders FC,Major League Soccer,89,70,68,73,38,81,2500
Seattle Sounders FC,F,"$1,250,000.00","$1,370,100.00",Jordan Morris,01061db8-dbdf-11ed-af20-acde48001122,74,,Jordan Morris,,,LM,Sounders FC,Major League Soccer,89,70,68,73,38,81,3000
Seattle Sounders FC,F,"$1,250,000.00","$1,370,100.00",Jordan Morris,01061db8-dbdf-11ed-af20-acde48001122,74,,Jordan Morris,,,LM,Sounders FC,Major League Soccer,89,70,68,73,38,81,3500
Nashville SC,M,"$1,637,500.00","$1,926,250.00",Hany Mukhtar,2dd6b8a0-dbe1-11ed-af20-acde48001122,72,,Hany Mukhtar,,,CAM,Nashville SC,Major League Soccer,78,65,70,75,44,63,2000
Nashville SC,M,"$1,637,500.00","$1,926,250.00",Hany Mukhtar,2dd6b8a0-dbe1-11ed-af20-acde48001122,72,,Hany Mukhtar,,,CAM,Nashville SC,Major League Soccer,78,65,70,75,44,63,2500
Nashville SC,M,"$1,637,500.00","$1,926,250.00",Hany Mukhtar,2dd6b8a0-dbe1-11ed-af20-acde48001122,72,,Hany Mukhtar,,,CAM,Nashville SC,Major League Soccer,78,65,70,75,44,63,3000
Nashville SC,M,"$1,637,500.00","$1,926,250.00",Hany Mukhtar,2dd6b8a0-dbe1-11ed-af20-acde48001122,72,,Hany Mukhtar,,,CAM,Nashville SC,Major League Soccer,78,65,70,75,44,63,3500
Nashville SC,M,"$325,000.00","$331,562.00",Alex Muyl,4a1f5e90-dbe6-11ed-af20-acde48001122,68,,Alex Muyl,,,RM,Nashville SC,Major League Soccer,78,59,59,67,58,81,3000
Nashville SC,M,"$325,000.00","$331,562.00",Alex Muyl,4a1f5e90-dbe6-11ed-af20-acde48001122,68,,Alex Muyl,,,RM,Nashville SC,Major League Soccer,78,59,59,67,58,81,3500
Columbus Crew,M,"$1,760,000.00","$1,760,000.00",Darlington Nagbe,36fecde8-dbdf-11ed-af20-acde48001122,74,,Darlington Nagbe,,,CDM,Columbus Crew,Major League Soccer,78,66,71,81,67,73,2500
Columbus Crew,M,"$1,760,000.00","$1,760,000.00",Darlington Nagbe,36fecde8-dbdf-11ed-af20-acde48001122,74,,Darlington Nagbe,,,CDM,Columbus Crew,Major League Soccer,78,66,71,81,67,73,3000
Columbus Crew,M,"$1,760,000.00","$1,760,000.00",Darlington Nagbe,36fecde8-dbdf-11ed-af20-acde48001122,74,,Darlington Nagbe,,,CDM,Columbus Crew,Major League Soccer,78,66,71,81,67,73,3500
DC United,D,"$375,000.00","$375,000.00",Andy Najar,3a4a57e6-dbe5-11ed-af20-acde48001122,69,,Andy Najar,,,RB,D.C. United,Major League Soccer,73,62,67,71,69,63,2500
DC United,D,"$375,000.00","$375,000.00",Andy Najar,3a4a57e6-dbe5-11ed-af20-acde48001122,69,,Andy Najar,,,RB,D.C. United,Major League Soccer,73,62,67,71,69,63,3000
DC United,D,"$375,000.00","$375,000.00",Andy Najar,3a4a57e6-dbe5-11ed-af20-acde48001122,69,,Andy Najar,,,RB,D.C. United,Major League Soccer,73,62,67,71,69,63,3500
Chicago Fire,M,"$200,004.00","$275,004.00",Federico Navarro,4ecae894-dbe4-11ed-af20-acde48001122,69,,Federico Navarro,,,CDM,Chicago Fire FC,Major League Soccer,72,50,63,69,67,58,3000
Chicago Fire,M,"$200,004.00","$275,004.00",Federico Navarro,4ecae894-dbe4-11ed-af20-acde48001122,69,,Federico Navarro,,,CDM,Chicago Fire FC,Major League Soccer,72,50,63,69,67,58,3500
Toronto FC,M,"$1,000,000.00","$1,026,250.00",Jonathan Osorio,1fc17f3e-dbe1-11ed-af20-acde48001122,72,,Jonathan Osorio,,,CM,Toronto FC,Major League Soccer,60,68,70,74,64,67,1500
Toronto FC,M,"$1,000,000.00","$1,026,250.00",Jonathan Osorio,1fc17f3e-dbe1-11ed-af20-acde48001122,72,,Jonathan Osorio,,,CM,Toronto FC,Major League Soccer,60,68,70,74,64,67,2000
Toronto FC,M,"$1,000,000.00","$1,026,250.00",Jonathan Osorio,1fc17f3e-dbe1-11ed-af20-acde48001122,72,,Jonathan Osorio,,,CM,Toronto FC,Major League Soccer,60,68,70,74,64,67,2500
Toronto FC,M,"$1,000,000.00","$1,026,250.00",Jonathan Osorio,1fc17f3e-dbe1-11ed-af20-acde48001122,72,,Jonathan Osorio,,,CM,Toronto FC,Major League Soccer,60,68,70,74,64,67,3000
Toronto FC,M,"$1,000,000.00","$1,026,250.00",Jonathan Osorio,1fc17f3e-dbe1-11ed-af20-acde48001122,72,,Jonathan Osorio,,,CM,Toronto FC,Major League Soccer,60,68,70,74,64,67,3500
LAFC,D,"$486,000.00","$510,000.00",Diego Palacios,0193bbce-dbe3-11ed-af20-acde48001122,70,,Diego Palacios,,,LB,LAFC,Major League Soccer,75,33,60,68,65,66,500
LAFC,D,"$486,000.00","$510,000.00",Diego Palacios,0193bbce-dbe3-11ed-af20-acde48001122,70,,Diego Palacios,,,LB,LAFC,Major League Soccer,75,33,60,68,65,66,1000
LAFC,D,"$486,000.00","$510,000.00",Diego Palacios,0193bbce-dbe3-11ed-af20-acde48001122,70,,Diego Palacios,,,LB,LAFC,Major League Soccer,75,33,60,68,65,66,1500
LAFC,D,"$486,000.00","$510,000.00",Diego Palacios,0193bbce-dbe3-11ed-af20-acde48001122,70,,Diego Palacios,,,LB,LAFC,Major League Soccer,75,33,60,68,65,66,2000
LAFC,D,"$486,000.00","$510,000.00",Diego Palacios,0193bbce-dbe3-11ed-af20-acde48001122,70,,Diego Palacios,,,LB,LAFC,Major League Soccer,75,33,60,68,65,66,2500
LAFC,D,"$486,000.00","$510,000.00",Diego Palacios,0193bbce-dbe3-11ed-af20-acde48001122,70,,Diego Palacios,,,LB,LAFC,Major League Soccer,75,33,60,68,65,66,3000
LAFC,D,"$486,000.00","$510,000.00",Diego Palacios,0193bbce-dbe3-11ed-af20-acde48001122,70,,Diego Palacios,,,LB,LAFC,Major League Soccer,75,33,60,68,65,66,3500
Portland Timbers,M,"$252,000.00","$350,000.00",Cristhian Paredes,232bc0a8-dbe6-11ed-af20-acde48001122,68,,Cristhian Paredes,,,CDM,Portland Timbers,Major League Soccer,68,62,65,64,64,69,1500
Portland Timbers,M,"$252,000.00","$350,000.00",Cristhian Paredes,232bc0a8-dbe6-11ed-af20-acde48001122,68,,Cristhian Paredes,,,CDM,Portland Timbers,Major League Soccer,68,62,65,64,64,69,2000
Portland Timbers,M,"$252,000.00","$350,000.00",Cristhian Paredes,232bc0a8-dbe6-11ed-af20-acde48001122,68,,Cristhian Paredes,,,CDM,Portland Timbers,Major League Soccer,68,62,65,64,64,69,2500
Portland Timbers,M,"$252,000.00","$350,000.00",Cristhian Paredes,232bc0a8-dbe6-11ed-af20-acde48001122,68,,Cristhian Paredes,,,CDM,Portland Timbers,Major League Soccer,68,62,65,64,64,69,3000
Portland Timbers,M,"$252,000.00","$350,000.00",Cristhian Paredes,232bc0a8-dbe6-11ed-af20-acde48001122,68,,Cristhian Paredes,,,CDM,Portland Timbers,Major League Soccer,68,62,65,64,64,69,3500
Orlando City SC,F,"$400,000.00","$400,000.00",Alexandre Pato,1ee5eec2-dbd9-11ed-af20-acde48001122,87,,Alexandre Pato,,,ST,Orlando City,Major League Soccer,91,87,80,90,40,82,1500
Orlando City SC,F,"$400,000.00","$400,000.00",Alexandre Pato,1ee5eec2-dbd9-11ed-af20-acde48001122,87,,Alexandre Pato,,,ST,Orlando City,Major League Soccer,91,87,80,90,40,82,2000
Orlando City SC,F,"$400,000.00","$400,000.00",Alexandre Pato,1ee5eec2-dbd9-11ed-af20-acde48001122,87,,Alexandre Pato,,,ST,Orlando City,Major League Soccer,91,87,80,90,40,82,2500
Orlando City SC,F,"$400,000.00","$400,000.00",Alexandre Pato,1ee5eec2-dbd9-11ed-af20-acde48001122,87,,Alexandre Pato,,,ST,Orlando City,Major League Soccer,91,87,80,90,40,82,3000
Orlando City SC,F,"$400,000.00","$400,000.00",Alexandre Pato,1ee5eec2-dbd9-11ed-af20-acde48001122,87,,Alexandre Pato,,,ST,Orlando City,Major League Soccer,91,87,80,90,40,82,3500
Inter Miami,M-F,"$3,050,000.00","$3,350,000.00",Rodolfo Pizarro,364da5be-dbde-11ed-af20-acde48001122,75,,Rodolfo Pizarro,,,CAM,Inter Miami CF,Major League Soccer,76,70,73,77,55,66,2500
Inter Miami,M-F,"$3,050,000.00","$3,350,000.00",Rodolfo Pizarro,364da5be-dbde-11ed-af20-acde48001122,75,,Rodolfo Pizarro,,,CAM,Inter Miami CF,Major League Soccer,76,70,73,77,55,66,3000
Inter Miami,M-F,"$3,050,000.00","$3,350,000.00",Rodolfo Pizarro,364da5be-dbde-11ed-af20-acde48001122,75,,Rodolfo Pizarro,,,CAM,Inter Miami CF,Major League Soccer,76,70,73,77,55,66,3500
Sporting Kansas City,F,"$2,200,000.00","$2,200,000.00",Alan Pulido,3f48485c-dbe0-11ed-af20-acde48001122,73,,Alan Pulido,,,ST,Sporting KC,Major League Soccer,75,72,66,73,37,75,2500
Sporting Kansas City,F,"$2,200,000.00","$2,200,000.00",Alan Pulido,3f48485c-dbe0-11ed-af20-acde48001122,73,,Alan Pulido,,,ST,Sporting KC,Major League Soccer,75,72,66,73,37,75,3000
Sporting Kansas City,F,"$2,200,000.00","$2,200,000.00",Alan Pulido,3f48485c-dbe0-11ed-af20-acde48001122,73,,Alan Pulido,,,ST,Sporting KC,Major League Soccer,75,72,66,73,37,75,3500
FC Dallas,M,"$786,000.00","$840,627.00",Facundo Quignon,1f2a962e-dbe0-11ed-af20-acde48001122,73,,Facundo Quignon,,,CDM,FC Dallas,Major League Soccer,66,56,68,75,70,78,1500
FC Dallas,M,"$786,000.00","$840,627.00",Facundo Quignon,1f2a962e-dbe0-11ed-af20-acde48001122,73,,Facundo Quignon,,,CDM,FC Dallas,Major League Soccer,66,56,68,75,70,78,2000
FC Dallas,M,"$786,000.00","$840,627.00",Facundo Quignon,1f2a962e-dbe0-11ed-af20-acde48001122,73,,Facundo Quignon,,,CDM,FC Dallas,Major League Soccer,66,56,68,75,70,78,2500
FC Dallas,M,"$786,000.00","$840,627.00",Facundo Quignon,1f2a962e-dbe0-11ed-af20-acde48001122,73,,Facundo Quignon,,,CDM,FC Dallas,Major League Soccer,66,56,68,75,70,78,3000
FC Dallas,M,"$786,000.00","$840,627.00",Facundo Quignon,1f2a962e-dbe0-11ed-af20-acde48001122,73,,Facundo Quignon,,,CDM,FC Dallas,Major League Soccer,66,56,68,75,70,78,3500
Houston Dynamo,F,"$600,000.00","$661,250.00",Darwin Quintero,47ecb0d8-dbe0-11ed-af20-acde48001122,73,,Darwin Quintero,,,CAM,Houston Dynamo,Major League Soccer,83,71,69,79,28,65,3000
Houston Dynamo,F,"$600,000.00","$661,250.00",Darwin Quintero,47ecb0d8-dbe0-11ed-af20-acde48001122,73,,Darwin Quintero,,,CAM,Houston Dynamo,Major League Soccer,83,71,69,79,28,65,3500
CF Montreal,F,"$800,000.00","$885,000.00",Romell Quioto,09e9681c-dbe0-11ed-af20-acde48001122,73,,Romell Quioto,,,ST,CF Montréal,Major League Soccer,82,71,70,71,24,80,500
CF Montreal,F,"$800,000.00","$885,000.00",Romell Quioto,09e9681c-dbe0-11ed-af20-acde48001122,73,,Romell Quioto,,,ST,CF Montréal,Major League Soccer,82,71,70,71,24,80,1000
CF Montreal,F,"$800,000.00","$885,000.00",Romell Quioto,09e9681c-dbe0-11ed-af20-acde48001122,73,,Romell Quioto,,,ST,CF Montréal,Major League Soccer,82,71,70,71,24,80,1500
CF Montreal,F,"$800,000.00","$885,000.00",Romell Quioto,09e9681c-dbe0-11ed-af20-acde48001122,73,,Romell Quioto,,,ST,CF Montréal,Major League Soccer,82,71,70,71,24,80,2000
CF Montreal,F,"$800,000.00","$885,000.00",Romell Quioto,09e9681c-dbe0-11ed-af20-acde48001122,73,,Romell Quioto,,,ST,CF Montréal,Major League Soccer,82,71,70,71,24,80,2500
CF Montreal,F,"$800,000.00","$885,000.00",Romell Quioto,09e9681c-dbe0-11ed-af20-acde48001122,73,,Romell Quioto,,,ST,CF Montréal,Major League Soccer,82,71,70,71,24,80,3000
CF Montreal,F,"$800,000.00","$885,000.00",Romell Quioto,09e9681c-dbe0-11ed-af20-acde48001122,73,,Romell Quioto,,,ST,CF Montréal,Major League Soccer,82,71,70,71,24,80,3500
San Jose Earthquakes,M,"$450,000.00","$450,000.00",Eric Remedi,2f1fa810-dbe2-11ed-af20-acde48001122,71,,Eric Remedi,,,CDM,SJ Earthquakes,Major League Soccer,54,50,63,64,66,83,2000
San Jose Earthquakes,M,"$450,000.00","$450,000.00",Eric Remedi,2f1fa810-dbe2-11ed-af20-acde48001122,71,,Eric Remedi,,,CDM,SJ Earthquakes,Major League Soccer,54,50,63,64,66,83,2500
San Jose Earthquakes,M,"$450,000.00","$450,000.00",Eric Remedi,2f1fa810-dbe2-11ed-af20-acde48001122,71,,Eric Remedi,,,CDM,SJ Earthquakes,Major League Soccer,54,50,63,64,66,83,3000
San Jose Earthquakes,M,"$450,000.00","$450,000.00",Eric Remedi,2f1fa810-dbe2-11ed-af20-acde48001122,71,,Eric Remedi,,,CDM,SJ Earthquakes,Major League Soccer,54,50,63,64,66,83,3500
Minnesota United,M,"$850,000.00","$1,066,910.00",Emanuel Reynoso,477fec6c-dbdd-11ed-af20-acde48001122,76,,Emanuel Reynoso,,,CAM,Minnesota United,Major League Soccer,66,65,78,79,57,67,3000
Minnesota United,M,"$850,000.00","$1,066,910.00",Emanuel Reynoso,477fec6c-dbdd-11ed-af20-acde48001122,76,,Emanuel Reynoso,,,CAM,Minnesota United,Major League Soccer,66,65,78,79,57,67,3500
Austin FC,M,"$1,500,000.00","$1,640,000.00",Alexander Ring,406b78f0-dbde-11ed-af20-acde48001122,75,,Alexander Ring,,,CDM,Austin FC,Major League Soccer,72,65,69,74,71,77,2500
Austin FC,M,"$1,500,000.00","$1,640,000.00",Alexander Ring,406b78f0-dbde-11ed-af20-acde48001122,75,,Alexander Ring,,,CDM,Austin FC,Major League Soccer,72,65,69,74,71,77,3000
Austin FC,M,"$1,500,000.00","$1,640,000.00",Alexander Ring,406b78f0-dbde-11ed-af20-acde48001122,75,,Alexander Ring,,,CDM,Austin FC,Major League Soccer,72,65,69,74,71,77,3500
Atlanta United,D,"$700,000.00","$737,500.00",Miles Robinson,29982d44-dbe3-11ed-af20-acde48001122,70,,Miles Robinson,,,CB,Atlanta United,Major League Soccer,81,33,47,53,69,76,2000
Atlanta United,D,"$700,000.00","$737,500.00",Miles Robinson,29982d44-dbe3-11ed-af20-acde48001122,70,,Miles Robinson,,,CB,Atlanta United,Major League Soccer,81,33,47,53,69,76,2500
Atlanta United,D,"$700,000.00","$737,500.00",Miles Robinson,29982d44-dbe3-11ed-af20-acde48001122,70,,Miles Robinson,,,CB,Atlanta United,Major League Soccer,81,33,47,53,69,76,3000
Atlanta United,D,"$700,000.00","$737,500.00",Miles Robinson,29982d44-dbe3-11ed-af20-acde48001122,70,,Miles Robinson,,,CB,Atlanta United,Major League Soccer,81,33,47,53,69,76,3500
Seattle Sounders FC,M,"$860,000.00","$981,542.00",Cristian Roldan,04995806-dbde-11ed-af20-acde48001122,75,,Cristian Roldan,,,CDM,Sounders FC,Major League Soccer,71,67,70,75,70,79,500
Seattle Sounders FC,M,"$860,000.00","$981,542.00",Cristian Roldan,04995806-dbde-11ed-af20-acde48001122,75,,Cristian Roldan,,,CDM,Sounders FC,Major League Soccer,71,67,70,75,70,79,1000
Seattle Sounders FC,M,"$860,000.00","$981,542.00",Cristian Roldan,04995806-dbde-11ed-af20-acde48001122,75,,Cristian Roldan,,,CDM,Sounders FC,Major League Soccer,71,67,70,75,70,79,1500
Seattle Sounders FC,M,"$860,000.00","$981,542.00",Cristian Roldan,04995806-dbde-11ed-af20-acde48001122,75,,Cristian Roldan,,,CDM,Sounders FC,Major League Soccer,71,67,70,75,70,79,2000
Seattle Sounders FC,M,"$860,000.00","$981,542.00",Cristian Roldan,04995806-dbde-11ed-af20-acde48001122,75,,Cristian Roldan,,,CDM,Sounders FC,Major League Soccer,71,67,70,75,70,79,2500
Seattle Sounders FC,M,"$860,000.00","$981,542.00",Cristian Roldan,04995806-dbde-11ed-af20-acde48001122,75,,Cristian Roldan,,,CDM,Sounders FC,Major League Soccer,71,67,70,75,70,79,3000
Seattle Sounders FC,M,"$860,000.00","$981,542.00",Cristian Roldan,04995806-dbde-11ed-af20-acde48001122,75,,Cristian Roldan,,,CDM,Sounders FC,Major League Soccer,71,67,70,75,70,79,3500
Sporting Kansas City,M,"$475,000.00","$475,000.00",Oriol Rosell,1721a482-dbe4-11ed-af20-acde48001122,69,,Oriol Rosell,,,CDM,Sporting KC,Major League Soccer,36,56,66,66,66,69,1000
Sporting Kansas City,M,"$475,000.00","$475,000.00",Oriol Rosell,1721a482-dbe4-11ed-af20-acde48001122,69,,Oriol Rosell,,,CDM,Sporting KC,Major League Soccer,36,56,66,66,66,69,1500
Sporting Kansas City,M,"$475,000.00","$475,000.00",Oriol Rosell,1721a482-dbe4-11ed-af20-acde48001122,69,,Oriol Rosell,,,CDM,Sporting KC,Major League Soccer,36,56,66,66,66,69,2000
Sporting Kansas City,M,"$475,000.00","$475,000.00",Oriol Rosell,1721a482-dbe4-11ed-af20-acde48001122,69,,Oriol Rosell,,,CDM,Sporting KC,Major League Soccer,36,56,66,66,66,69,2500
Sporting Kansas City,M,"$475,000.00","$475,000.00",Oriol Rosell,1721a482-dbe4-11ed-af20-acde48001122,69,,Oriol Rosell,,,CDM,Sporting KC,Major League Soccer,36,56,66,66,66,69,3000
Sporting Kansas City,M,"$475,000.00","$475,000.00",Oriol Rosell,1721a482-dbe4-11ed-af20-acde48001122,69,,Oriol Rosell,,,CDM,Sporting KC,Major League Soccer,36,56,66,66,66,69,3500
Colorado Rapids,D,"$400,000.00","$400,000.00",Keegan Rosenberry,20e5a542-dbe2-11ed-af20-acde48001122,71,,Keegan Rosenberry,,,RB,Colorado Rapids,Major League Soccer,69,51,63,68,67,74,1500
Colorado Rapids,D,"$400,000.00","$400,000.00",Keegan Rosenberry,20e5a542-dbe2-11ed-af20-acde48001122,71,,Keegan Rosenberry,,,RB,Colorado Rapids,Major League Soccer,69,51,63,68,67,74,2000
Colorado Rapids,D,"$400,000.00","$400,000.00",Keegan Rosenberry,20e5a542-dbe2-11ed-af20-acde48001122,71,,Keegan Rosenberry,,,RB,Colorado Rapids,Major League Soccer,69,51,63,68,67,74,2500
Colorado Rapids,D,"$400,000.00","$400,000.00",Keegan Rosenberry,20e5a542-dbe2-11ed-af20-acde48001122,71,,Keegan Rosenberry,,,RB,Colorado Rapids,Major League Soccer,69,51,63,68,67,74,3000
Colorado Rapids,D,"$400,000.00","$400,000.00",Keegan Rosenberry,20e5a542-dbe2-11ed-af20-acde48001122,71,,Keegan Rosenberry,,,RB,Colorado Rapids,Major League Soccer,69,51,63,68,67,74,3500
Atlanta United,M,"$550,000.00","$662,500.00",Matheus Rossetto,04b88d7a-dbe8-11ed-af20-acde48001122,67,,Matheus Rossetto,,,CAM,Atlanta United,Major League Soccer,72,61,65,71,42,58,500
Atlanta United,M,"$550,000.00","$662,500.00",Matheus Rossetto,04b88d7a-dbe8-11ed-af20-acde48001122,67,,Matheus Rossetto,,,CAM,Atlanta United,Major League Soccer,72,61,65,71,42,58,1000
Atlanta United,M,"$550,000.00","$662,500.00",Matheus Rossetto,04b88d7a-dbe8-11ed-af20-acde48001122,67,,Matheus Rossetto,,,CAM,Atlanta United,Major League Soccer,72,61,65,71,42,58,1500
Atlanta United,M,"$550,000.00","$662,500.00",Matheus Rossetto,04b88d7a-dbe8-11ed-af20-acde48001122,67,,Matheus Rossetto,,,CAM,Atlanta United,Major League Soccer,72,61,65,71,42,58,2000
Atlanta United,M,"$550,000.00","$662,500.00",Matheus Rossetto,04b88d7a-dbe8-11ed-af20-acde48001122,67,,Matheus Rossetto,,,CAM,Atlanta United,Major League Soccer,72,61,65,71,42,58,2500
Atlanta United,M,"$550,000.00","$662,500.00",Matheus Rossetto,04b88d7a-dbe8-11ed-af20-acde48001122,67,,Matheus Rossetto,,,CAM,Atlanta United,Major League Soccer,72,61,65,71,42,58,3000
Atlanta United,M,"$550,000.00","$662,500.00",Matheus Rossetto,04b88d7a-dbe8-11ed-af20-acde48001122,67,,Matheus Rossetto,,,CAM,Atlanta United,Major League Soccer,72,61,65,71,42,58,3500
New York City FC,D-M,"$400,000.00","$493,956.00",James Sands,0d601af6-dbe3-11ed-af20-acde48001122,70,,James Sands,,,CDM,New York City FC,Major League Soccer,51,50,59,64,68,71,1000
New York City FC,D-M,"$400,000.00","$493,956.00",James Sands,0d601af6-dbe3-11ed-af20-acde48001122,70,,James Sands,,,CDM,New York City FC,Major League Soccer,51,50,59,64,68,71,1500
New York City FC,D-M,"$400,000.00","$493,956.00",James Sands,0d601af6-dbe3-11ed-af20-acde48001122,70,,James Sands,,,CDM,New York City FC,Major League Soccer,51,50,59,64,68,71,2000
New York City FC,D-M,"$400,000.00","$493,956.00",James Sands,0d601af6-dbe3-11ed-af20-acde48001122,70,,James Sands,,,CDM,New York City FC,Major League Soccer,51,50,59,64,68,71,2500
New York City FC,D-M,"$400,000.00","$493,956.00",James Sands,0d601af6-dbe3-11ed-af20-acde48001122,70,,James Sands,,,CDM,New York City FC,Major League Soccer,51,50,59,64,68,71,3000
New York City FC,D-M,"$400,000.00","$493,956.00",James Sands,0d601af6-dbe3-11ed-af20-acde48001122,70,,James Sands,,,CDM,New York City FC,Major League Soccer,51,50,59,64,68,71,3500
Columbus Crew,D,"$625,000.00","$687,500.00",Pedro Santos,35ad7da0-dbde-11ed-af20-acde48001122,75,,Pedro Santos,,,LM,Columbus Crew,Major League Soccer,76,71,73,75,64,64,2000
Columbus Crew,D,"$625,000.00","$687,500.00",Pedro Santos,35ad7da0-dbde-11ed-af20-acde48001122,75,,Pedro Santos,,,LM,Columbus Crew,Major League Soccer,76,71,73,75,64,64,2500
Columbus Crew,D,"$625,000.00","$687,500.00",Pedro Santos,35ad7da0-dbde-11ed-af20-acde48001122,75,,Pedro Santos,,,LM,Columbus Crew,Major League Soccer,76,71,73,75,64,64,3000
Columbus Crew,D,"$625,000.00","$687,500.00",Pedro Santos,35ad7da0-dbde-11ed-af20-acde48001122,75,,Pedro Santos,,,LM,Columbus Crew,Major League Soccer,76,71,73,75,64,64,3500
FC Cincinnati,F,"$850,000.00","$918,500.00",Sergio Santos,3266c17a-dbe2-11ed-af20-acde48001122,71,,Sergio Santos,,,ST,Philadelphia,Major League Soccer,90,66,55,72,26,70,2000
FC Cincinnati,F,"$850,000.00","$918,500.00",Sergio Santos,3266c17a-dbe2-11ed-af20-acde48001122,71,,Sergio Santos,,,ST,Philadelphia,Major League Soccer,90,66,55,72,26,70,2500
FC Cincinnati,F,"$850,000.00","$918,500.00",Sergio Santos,3266c17a-dbe2-11ed-af20-acde48001122,71,,Sergio Santos,,,ST,Philadelphia,Major League Soccer,90,66,55,72,26,70,3000
FC Cincinnati,F,"$850,000.00","$918,500.00",Sergio Santos,3266c17a-dbe2-11ed-af20-acde48001122,71,,Sergio Santos,,,ST,Philadelphia,Major League Soccer,90,66,55,72,26,70,3500
LAFC,D,"$200,000.00","$224,000.00",Eddie Segura,301bd300-dbe3-11ed-af20-acde48001122,70,,Eddie Segura,,,CB,LAFC,Major League Soccer,63,30,49,57,69,76,2000
LAFC,D,"$200,000.00","$224,000.00",Eddie Segura,301bd300-dbe3-11ed-af20-acde48001122,70,,Eddie Segura,,,CB,LAFC,Major League Soccer,63,30,49,57,69,76,2500
LAFC,D,"$200,000.00","$224,000.00",Eddie Segura,301bd300-dbe3-11ed-af20-acde48001122,70,,Eddie Segura,,,CB,LAFC,Major League Soccer,63,30,49,57,69,76,3000
LAFC,D,"$200,000.00","$224,000.00",Eddie Segura,301bd300-dbe3-11ed-af20-acde48001122,70,,Eddie Segura,,,CB,LAFC,Major League Soccer,63,30,49,57,69,76,3500
DC United,D,"$550,000.00","$591,250.00",Brad Smith,45757d4c-dbe7-11ed-af20-acde48001122,67,,Brad Smith,,,LWB,D.C. United,Major League Soccer,78,49,60,65,62,66,3000
DC United,D,"$550,000.00","$591,250.00",Brad Smith,45757d4c-dbe7-11ed-af20-acde48001122,67,,Brad Smith,,,LWB,D.C. United,Major League Soccer,78,49,60,65,62,66,3500
New England Revolution,F,"$606,375.00","$647,860.00",Ismael Tajouri-Shradi,2008279a-dbe1-11ed-af20-acde48001122,72,,Ismael Tajouri-Shradi,,,RW,New York City FC,Major League Soccer,82,70,64,75,33,57,1500
New England Revolution,F,"$606,375.00","$647,860.00",Ismael Tajouri-Shradi,2008279a-dbe1-11ed-af20-acde48001122,72,,Ismael Tajouri-Shradi,,,RW,New York City FC,Major League Soccer,82,70,64,75,33,57,2000
New England Revolution,F,"$606,375.00","$647,860.00",Ismael Tajouri-Shradi,2008279a-dbe1-11ed-af20-acde48001122,72,,Ismael Tajouri-Shradi,,,RW,New York City FC,Major League Soccer,82,70,64,75,33,57,2500
New England Revolution,F,"$606,375.00","$647,860.00",Ismael Tajouri-Shradi,2008279a-dbe1-11ed-af20-acde48001122,72,,Ismael Tajouri-Shradi,,,RW,New York City FC,Major League Soccer,82,70,64,75,33,57,3000
New England Revolution,F,"$606,375.00","$647,860.00",Ismael Tajouri-Shradi,2008279a-dbe1-11ed-af20-acde48001122,72,,Ismael Tajouri-Shradi,,,RW,New York City FC,Major League Soccer,82,70,64,75,33,57,3500
New York City FC,D,"$750,000.00","$800,000.00",Anton Tinnerholm,35f9177c-dbe0-11ed-af20-acde48001122,73,,Anton Tinnerholm,,,RB,New York City FC,Major League Soccer,74,52,66,69,68,77,2000
New York City FC,D,"$750,000.00","$800,000.00",Anton Tinnerholm,35f9177c-dbe0-11ed-af20-acde48001122,73,,Anton Tinnerholm,,,RB,New York City FC,Major League Soccer,74,52,66,69,68,77,2500
New York City FC,D,"$750,000.00","$800,000.00",Anton Tinnerholm,35f9177c-dbe0-11ed-af20-acde48001122,73,,Anton Tinnerholm,,,RB,New York City FC,Major League Soccer,74,52,66,69,68,77,3000
New York City FC,D,"$750,000.00","$800,000.00",Anton Tinnerholm,35f9177c-dbe0-11ed-af20-acde48001122,73,,Anton Tinnerholm,,,RB,New York City FC,Major League Soccer,74,52,66,69,68,77,3500
LAFC,F,"$2,400,000.00","$2,737,500.00",Carlos Vela,03b035d4-dbdb-11ed-af20-acde48001122,83,,Carlos Vela,,,RW,LAFC,Major League Soccer,80,82,78,84,31,67,500
LAFC,F,"$2,400,000.00","$2,737,500.00",Carlos Vela,03b035d4-dbdb-11ed-af20-acde48001122,83,,Carlos Vela,,,RW,LAFC,Major League Soccer,80,82,78,84,31,67,1000
LAFC,F,"$2,400,000.00","$2,737,500.00",Carlos Vela,180eb2fe-dbda-11ed-af20-acde48001122,85,,Carlos Vela,,,RW,LAFC,Major League Soccer,83,84,81,86,33,70,1000
LAFC,F,"$2,400,000.00","$2,737,500.00",Carlos Vela,03b035d4-dbdb-11ed-af20-acde48001122,83,,Carlos Vela,,,RW,LAFC,Major League Soccer,80,82,78,84,31,67,1500
LAFC,F,"$2,400,000.00","$2,737,500.00",Carlos Vela,180eb2fe-dbda-11ed-af20-acde48001122,85,,Carlos Vela,,,RW,LAFC,Major League Soccer,83,84,81,86,33,70,1500
LAFC,F,"$2,400,000.00","$2,737,500.00",Carlos Vela,03b035d4-dbdb-11ed-af20-acde48001122,83,,Carlos Vela,,,RW,LAFC,Major League Soccer,80,82,78,84,31,67,2000
LAFC,F,"$2,400,000.00","$2,737,500.00",Carlos Vela,180eb2fe-dbda-11ed-af20-acde48001122,85,,Carlos Vela,,,RW,LAFC,Major League Soccer,83,84,81,86,33,70,2000
LAFC,F,"$2,400,000.00","$2,737,500.00",Carlos Vela,03b035d4-dbdb-11ed-af20-acde48001122,83,,Carlos Vela,,,RW,LAFC,Major League Soccer,80,82,78,84,31,67,2500
LAFC,F,"$2,400,000.00","$2,737,500.00",Carlos Vela,180eb2fe-dbda-11ed-af20-acde48001122,85,,Carlos Vela,,,RW,LAFC,Major League Soccer,83,84,81,86,33,70,2500
LAFC,F,"$2,400,000.00","$2,737,500.00",Carlos Vela,03b035d4-dbdb-11ed-af20-acde48001122,83,,Carlos Vela,,,RW,LAFC,Major League Soccer,80,82,78,84,31,67,3000
LAFC,F,"$2,400,000.00","$2,737,500.00",Carlos Vela,180eb2fe-dbda-11ed-af20-acde48001122,85,,Carlos Vela,,,RW,LAFC,Major League Soccer,83,84,81,86,33,70,3000
LAFC,F,"$2,400,000.00","$2,737,500.00",Carlos Vela,03b035d4-dbdb-11ed-af20-acde48001122,83,,Carlos Vela,,,RW,LAFC,Major League Soccer,80,82,78,84,31,67,3500
LAFC,F,"$2,400,000.00","$2,737,500.00",Carlos Vela,180eb2fe-dbda-11ed-af20-acde48001122,85,,Carlos Vela,,,RW,LAFC,Major League Soccer,83,84,81,86,33,70,3500
LA Galaxy,D,"$750,000.00","$821,458.00",Derrick Williams,214e0972-dbe5-11ed-af20-acde48001122,69,,Derrick Williams,,,CB,LA Galaxy,Major League Soccer,66,46,57,61,67,76,1500
LA Galaxy,D,"$750,000.00","$821,458.00",Derrick Williams,214e0972-dbe5-11ed-af20-acde48001122,69,,Derrick Williams,,,CB,LA Galaxy,Major League Soccer,66,46,57,61,67,76,2000
LA Galaxy,D,"$750,000.00","$821,458.00",Derrick Williams,214e0972-dbe5-11ed-af20-acde48001122,69,,Derrick Williams,,,CB,LA Galaxy,Major League Soccer,66,46,57,61,67,76,2500
LA Galaxy,D,"$750,000.00","$821,458.00",Derrick Williams,214e0972-dbe5-11ed-af20-acde48001122,69,,Derrick Williams,,,CB,LA Galaxy,Major League Soccer,66,46,57,61,67,76,3000
LA Galaxy,D,"$750,000.00","$821,458.00",Derrick Williams,214e0972-dbe5-11ed-af20-acde48001122,69,,Derrick Williams,,,CB,LA Galaxy,Major League Soccer,66,46,57,61,67,76,3500
Colorado Rapids,F,"$1,500,000.00","$1,550,000.00",Gyasi Zardes,007b7ab8-dbe0-11ed-af20-acde48001122,73,,Gyasi Zardes,,,ST,Columbus Crew,Major League Soccer,85,71,52,68,44,79,500
Colorado Rapids,F,"$1,500,000.00","$1,550,000.00",Gyasi Zardes,007b7ab8-dbe0-11ed-af20-acde48001122,73,,Gyasi Zardes,,,ST,Columbus Crew,Major League Soccer,85,71,52,68,44,79,1000
Colorado Rapids,F,"$1,500,000.00","$1,550,000.00",Gyasi Zardes,181ab8e8-dbd9-11ed-af20-acde48001122,87,,Gyasi Zardes,,,ST,Columbus Crew,Major League Soccer,89,87,78,83,48,90,1000
Colorado Rapids,F,"$1,500,000.00","$1,550,000.00",Gyasi Zardes,007b7ab8-dbe0-11ed-af20-acde48001122,73,,Gyasi Zardes,,,ST,Columbus Crew,Major League Soccer,85,71,52,68,44,79,1500
Colorado Rapids,F,"$1,500,000.00","$1,550,000.00",Gyasi Zardes,181ab8e8-dbd9-11ed-af20-acde48001122,87,,Gyasi Zardes,,,ST,Columbus Crew,Major League Soccer,89,87,78,83,48,90,1500
Colorado Rapids,F,"$1,500,000.00","$1,550,000.00",Gyasi Zardes,007b7ab8-dbe0-11ed-af20-acde48001122,73,,Gyasi Zardes,,,ST,Columbus Crew,Major League Soccer,85,71,52,68,44,79,2000
Colorado Rapids,F,"$1,500,000.00","$1,550,000.00",Gyasi Zardes,181ab8e8-dbd9-11ed-af20-acde48001122,87,,Gyasi Zardes,,,ST,Columbus Crew,Major League Soccer,89,87,78,83,48,90,2000
Colorado Rapids,F,"$1,500,000.00","$1,550,000.00",Gyasi Zardes,007b7ab8-dbe0-11ed-af20-acde48001122,73,,Gyasi Zardes,,,ST,Columbus Crew,Major League Soccer,85,71,52,68,44,79,2500
Colorado Rapids,F,"$1,500,000.00","$1,550,000.00",Gyasi Zardes,181ab8e8-dbd9-11ed-af20-acde48001122,87,,Gyasi Zardes,,,ST,Columbus Crew,Major League Soccer,89,87,78,83,48,90,2500
Colorado Rapids,F,"$1,500,000.00","$1,550,000.00",Gyasi Zardes,007b7ab8-dbe0-11ed-af20-acde48001122,73,,Gyasi Zardes,,,ST,Columbus Crew,Major League Soccer,85,71,52,68,44,79,3000
Colorado Rapids,F,"$1,500,000.00","$1,550,000.00",Gyasi Zardes,181ab8e8-dbd9-11ed-af20-acde48001122,87,,Gyasi Zardes,,,ST,Columbus Crew,Major League Soccer,89,87,78,83,48,90,3000
Colorado Rapids,F,"$1,500,000.00","$1,550,000.00",Gyasi Zardes,007b7ab8-dbe0-11ed-af20-acde48001122,73,,Gyasi Zardes,,,ST,Columbus Crew,Major League Soccer,85,71,52,68,44,79,3500
Colorado Rapids,F,"$1,500,000.00","$1,550,000.00",Gyasi Zardes,181ab8e8-dbd9-11ed-af20-acde48001122,87,,Gyasi Zardes,,,ST,Columbus Crew,Major League Soccer,89,87,78,83,48,90,3500
Nashville SC,D,"$2,088,235.00","$2,345,214.00",Walker Zimmerman,2325865e-dbdf-11ed-af20-acde48001122,74,,Walker Zimmerman,,,CB,Nashville SC,Major League Soccer,52,50,54,55,72,84,1500
Nashville SC,D,"$2,088,235.00","$2,345,214.00",Walker Zimmerman,2325865e-dbdf-11ed-af20-acde48001122,74,,Walker Zimmerman,,,CB,Nashville SC,Major League Soccer,52,50,54,55,72,84,2000
Nashville SC,D,"$2,088,235.00","$2,345,214.00",Walker Zimmerman,2325865e-dbdf-11ed-af20-acde48001122,74,,Walker Zimmerman,,,CB,Nashville SC,Major League Soccer,52,50,54,55,72,84,2500
Nashville SC,D,"$2,088,235.00","$2,345,214.00",Walker Zimmerman,2325865e-dbdf-11ed-af20-acde48001122,74,,Walker Zimmerman,,,CB,Nashville SC,Major League Soccer,52,50,54,55,72,84,3000
Nashville SC,D,"$2,088,235.00","$2,345,214.00",Walker Zimmerman,2325865e-dbdf-11ed-af20-acde48001122,74,,Walker Zimmerman,,,CB,Nashville SC,Major League Soccer,52,50,54,55,72,84,3500
Sporting Kansas City,D,"$450,000.00","$450,000.00",Graham Zusi,4cb927c2-dbe5-11ed-af20-acde48001122,69,,Graham Zusi,,,RB,Sporting KC,Major League Soccer,57,68,74,68,65,73,3000
Sporting Kansas City,D,"$450,000.00","$450,000.00",Graham Zusi,4cb927c2-dbe5-11ed-af20-acde48001122,69,,Graham Zusi,,,RB,Sporting KC,Major League Soccer,57,68,74,68,65,73,3500
